timestamp,temperature_C,pressure_hPa,vibration_mm_s,humidity_pct,current_A,rpm,sound_dB
2024-03-01 00:00:00,14.734,1030.553,0.3529,73.259,2.2438,1456.2,39.625
2024-03-01 01:00:00,16.009,1030.091,0.4077,71.944,2.4688,1424.0,42.048
2024-03-01 02:00:00,18.009,1029.257,0.8814,70.53,1.9353,1401.3,43.389
2024-03-01 03:00:00,18.853,1027.595,0.3936,69.985,1.9887,1385.1,40.771
2024-03-01 04:00:00,17.167,1026.102,0.3902,71.126,2.0505,1464.9,54.883
2024-03-01 05:00:00,14.812,1026.909,0.3488,74.135,2.364,1477.6,39.25
2024-03-01 06:00:00,13.379,1025.705,0.5649,76.577,2.7658,1517.1,38.607
2024-03-01 07:00:00,12.712,1026.758,0.4453,76.898,2.2053,1543.8,39.284
2024-03-01 08:00:00,9.1,1026.645,0.3781,79.632,1.9813,1489.2,39.511
2024-03-01 09:00:00,8.712,1027.059,0.3631,79.415,2.0125,1453.5,40.287
2024-03-01 10:00:00,7.115,1030.792,0.1866,79.802,1.2575,1392.0,39.594
2024-03-01 11:00:00,6.527,1031.25,0.272,78.913,2.0193,1448.2,40.663
2024-03-01 12:00:00,6.357,1031.142,0.2937,82.577,2.1188,1372.7,39.304
2024-03-01 13:00:00,6.568,1031.293,0.0226,84.633,2.6645,1457.2,36.273
2024-03-01 14:00:00,7.658,1029.726,0.3511,81.541,2.2026,1524.0,36.373
2024-03-01 15:00:00,9.289,1032.117,0.4386,81.703,2.1838,1512.0,41.11
2024-03-01 16:00:00,9.189,1033.517,-1.1048,80.932,1.806,1426.0,46.726
2024-03-01 17:00:00,10.997,1032.907,0.615,78.77,1.4076,2106.0,50.241
2024-03-01 18:00:00,10.093,1033.405,0.7668,79.778,1.6357,1455.2,40.124
2024-03-01 19:00:00,10.858,1032.656,0.389,78.965,2.2652,1524.2,37.168
2024-03-01 20:00:00,12.394,1033.439,0.3521,77.996,1.9281,1453.0,35.934
2024-03-01 21:00:00,12.936,1031.827,0.4886,76.618,2.6739,1488.9,36.451
2024-03-01 22:00:00,12.709,1032.59,0.9153,75.995,2.6655,1394.5,33.694
2024-03-01 23:00:00,12.646,1034.874,0.792,72.82,2.3504,1467.5,38.071
2024-03-02 00:00:00,13.374,1035.437,0.6264,71.496,2.1633,1492.5,36.964
2024-03-02 01:00:00,14.81,1034.56,0.8698,71.403,2.5147,1536.9,37.027
2024-03-02 02:00:00,14.344,1035.851,0.4361,73.832,2.2307,1472.3,40.771
2024-03-02 03:00:00,14.716,1038.275,0.5164,77.076,2.1624,1517.4,39.59
2024-03-02 04:00:00,14.702,1038.737,0.2141,77.153,2.6479,1476.8,34.673
2024-03-02 05:00:00,15.102,1038.301,0.2745,73.846,2.7156,1423.4,39.32
2024-03-02 06:00:00,14.582,1036.752,0.4791,72.412,2.5072,1376.1,40.628
2024-03-02 07:00:00,13.977,1037.071,0.1802,73.756,3.9371,1373.1,37.912
2024-03-02 08:00:00,12.026,1039.304,0.0414,73.336,2.7219,1373.7,36.414
2024-03-02 09:00:00,11.001,1036.017,0.1179,71.567,2.7423,1521.7,38.615
2024-03-02 10:00:00,11.236,1037.17,0.58,71.501,2.7967,1507.4,32.599
2024-03-02 11:00:00,12.255,1037.059,0.163,71.815,2.1411,1502.5,39.876
2024-03-02 12:00:00,9.79,1038.765,0.2638,73.945,2.3651,1526.5,45.794
2024-03-02 13:00:00,11.308,1038.054,0.6641,71.797,2.5487,1551.8,40.722
2024-03-02 14:00:00,12.313,1034.768,0.0888,71.789,2.5088,1491.1,34.373
2024-03-02 15:00:00,12.457,1037.445,0.6868,73.611,2.5263,1472.1,31.09
2024-03-02 16:00:00,12.02,1035.57,0.5373,75.351,2.0205,1569.2,37.723
2024-03-02 17:00:00,11.106,1036.554,0.8818,77.849,2.121,1503.9,40.596
2024-03-02 18:00:00,12.69,1036.165,0.3932,77.875,1.4964,1463.5,44.418
2024-03-02 19:00:00,14.708,1035.947,0.5677,76.8,2.0723,1376.0,40.634
2024-03-02 20:00:00,16.337,1035.989,0.2783,80.199,2.0285,1485.1,42.877
2024-03-02 21:00:00,17.334,1035.119,0.2954,78.412,2.1859,1517.1,38.857
2024-03-02 22:00:00,17.305,1035.337,0.0244,80.788,2.4754,1406.1,35.408
2024-03-02 23:00:00,15.738,1035.675,-0.0789,78.603,2.6171,1350.2,33.272
2024-03-03 00:00:00,16.219,1024.604,-0.319,79.861,2.4031,1361.7,31.425
2024-03-03 01:00:00,17.449,1036.495,-0.6016,75.132,2.516,1523.3,35.662
2024-03-03 02:00:00,15.978,1036.646,-0.0464,76.713,2.165,1432.8,37.717
2024-03-03 03:00:00,16.648,1038.095,0.7654,74.48,2.4478,1623.6,44.269
2024-03-03 04:00:00,16.838,1036.377,0.5236,73.497,2.5316,1575.2,43.568
2024-03-03 05:00:00,16.875,1036.186,0.3502,72.865,2.3747,1474.9,42.587
2024-03-03 06:00:00,14.233,1036.548,0.4917,72.431,2.0234,1394.0,38.285
2024-03-03 07:00:00,12.49,1037.576,0.3271,67.448,1.9976,1487.8,40.3
2024-03-03 08:00:00,11.157,1036.988,0.3244,73.357,2.1361,1377.5,34.39
2024-03-03 09:00:00,9.097,1036.688,0.1641,73.458,2.1787,1392.9,32.695
2024-03-03 10:00:00,10.932,1035.832,0.1256,54.598,2.0057,1469.0,30.0
2024-03-03 11:00:00,9.645,1037.175,0.4791,74.222,2.1141,1374.8,37.209
2024-03-03 12:00:00,9.709,1036.243,0.1316,77.907,2.3389,1419.0,37.607
2024-03-03 13:00:00,9.124,1036.759,0.1734,77.407,2.0463,1355.1,38.591
2024-03-03 14:00:00,10.945,1036.142,0.0775,76.02,1.8769,1465.2,41.741
2024-03-03 15:00:00,12.059,1035.772,-0.0349,72.873,1.7986,1408.7,41.656
2024-03-03 16:00:00,12.147,1033.787,0.2139,74.004,2.0279,1473.7,39.592
2024-03-03 17:00:00,8.939,1033.763,0.4473,72.942,2.3389,1575.4,34.057
2024-03-03 18:00:00,9.378,1033.608,0.0773,77.337,2.6176,1586.6,35.607
2024-03-03 19:00:00,10.691,1031.539,0.2498,76.194,2.5137,1543.2,37.964
2024-03-03 20:00:00,12.362,1030.736,-1.0565,76.552,2.2537,1519.3,42.371
2024-03-03 21:00:00,12.039,1030.407,0.3529,74.376,1.9307,1444.1,23.191
2024-03-03 22:00:00,15.065,1028.687,0.432,72.248,2.2226,1451.8,37.865
2024-03-03 23:00:00,13.913,1027.61,0.5287,73.661,2.2785,1535.2,40.701
2024-03-04 00:00:00,14.056,1030.207,0.6055,71.398,2.1843,1568.4,42.144
2024-03-04 01:00:00,16.147,1029.096,0.287,73.037,2.6266,1463.7,36.661
2024-03-04 02:00:00,16.582,1028.353,0.2142,71.248,2.2245,1572.0,37.442
2024-03-04 03:00:00,19.003,1026.984,0.3487,71.529,2.3867,1474.6,56.315
2024-03-04 04:00:00,18.306,1029.245,0.145,69.969,2.0207,1394.3,35.781
2024-03-04 05:00:00,16.383,1030.731,0.22,72.957,2.221,1429.3,39.296
2024-03-04 06:00:00,14.814,1031.174,0.2603,70.412,2.3635,1515.2,42.631
2024-03-04 07:00:00,12.404,1031.212,0.0919,71.61,1.9914,1530.6,38.603
2024-03-04 08:00:00,10.081,1030.454,0.1696,72.591,2.7358,1357.2,36.445
2024-03-04 09:00:00,10.423,1030.051,0.429,68.952,2.8055,1440.5,34.214
2024-03-04 10:00:00,10.539,1029.163,0.0836,68.42,2.1005,1397.1,30.827
2024-03-04 11:00:00,11.473,1030.13,0.0247,69.668,2.2214,1431.0,35.95
2024-03-04 12:00:00,9.782,1030.962,0.1804,68.834,2.3827,1500.5,36.976
2024-03-04 13:00:00,11.489,1031.926,0.0799,68.945,2.5773,1605.2,31.391
2024-03-04 14:00:00,10.483,1034.206,0.1885,64.628,2.2825,1551.8,36.233
2024-03-04 15:00:00,12.008,1034.342,0.019,66.312,2.0551,1520.8,32.941
2024-03-04 16:00:00,10.833,1034.326,-0.1744,66.243,1.9515,1511.0,38.745
2024-03-04 17:00:00,9.695,1034.761,0.2197,65.77,1.9268,1558.9,35.542
2024-03-04 18:00:00,10.174,1031.742,0.5278,65.767,2.0183,1427.1,37.711
2024-03-04 19:00:00,11.697,1031.174,0.8936,66.247,1.9992,1393.7,36.812
2024-03-04 20:00:00,12.108,1028.655,0.635,66.546,2.1885,1276.5,33.68
2024-03-04 21:00:00,11.882,1030.544,0.7236,68.772,1.9652,1449.0,35.139
2024-03-04 22:00:00,11.177,1029.384,0.4084,71.919,2.0308,1466.2,38.097
2024-03-04 23:00:00,10.897,1031.342,0.098,73.411,2.1823,1446.4,37.282
2024-03-05 00:00:00,13.178,1032.028,0.2382,72.413,2.3989,1540.8,34.515
2024-03-05 01:00:00,15.551,1030.446,0.1255,74.51,2.5393,1482.1,36.684
2024-03-05 02:00:00,15.88,1027.6,0.3325,72.095,2.6987,1481.8,37.089
2024-03-05 03:00:00,14.812,1025.845,0.3914,71.654,2.458,1549.5,35.667
2024-03-05 04:00:00,15.978,1027.159,0.15,65.314,2.2812,1498.1,38.242
2024-03-05 05:00:00,13.867,1026.442,0.0014,67.381,2.2304,1572.4,36.842
2024-03-05 06:00:00,12.529,1024.261,-0.0615,67.885,1.9514,1619.6,35.829
2024-03-05 07:00:00,12.731,1024.019,0.0135,71.368,1.8614,1560.9,38.615
2024-03-05 08:00:00,9.171,1026.293,0.4501,71.879,1.6052,1539.2,41.808
2024-03-05 09:00:00,9.454,1028.071,0.4796,71.063,1.6383,1562.5,44.646
2024-03-05 10:00:00,8.432,1026.796,0.8659,76.884,1.9387,1498.7,43.403
2024-03-05 11:00:00,8.487,1026.694,0.8209,77.333,2.4908,1403.0,40.146
2024-03-05 12:00:00,8.357,1026.963,0.5729,75.203,1.0046,1454.7,38.979
2024-03-05 13:00:00,8.658,1024.391,0.2365,71.719,2.4226,1427.7,40.994
2024-03-05 14:00:00,9.536,1023.403,-0.206,69.221,2.1167,1406.8,36.794
2024-03-05 15:00:00,8.53,1022.685,0.2744,72.903,2.4404,1412.8,39.85
2024-03-05 16:00:00,10.442,1023.092,0.5616,72.698,2.4628,1373.2,38.46
2024-03-05 17:00:00,11.152,1022.187,0.36,73.83,2.2864,1383.4,40.636
2024-03-05 18:00:00,11.987,1020.2,0.6945,74.255,2.4867,1278.8,41.677
2024-03-05 19:00:00,13.229,1020.731,0.4023,72.317,2.0564,1428.7,40.563
2024-03-05 20:00:00,14.018,1019.86,0.2535,70.992,2.1828,1449.2,42.224
2024-03-05 21:00:00,15.032,1018.299,0.4625,72.681,2.3944,1417.9,40.272
2024-03-05 22:00:00,15.244,1016.926,0.3672,71.976,1.8745,1399.3,38.117
2024-03-05 23:00:00,13.936,1017.029,0.3019,71.686,1.9677,1476.0,44.301
2024-03-06 00:00:00,14.717,1019.272,0.3539,71.053,2.0276,1482.9,47.772
2024-03-06 01:00:00,14.632,1018.987,0.0851,71.488,1.6959,1501.4,41.719
2024-03-06 02:00:00,13.715,1020.337,0.2986,74.749,1.965,1387.1,39.603
2024-03-06 03:00:00,14.799,1017.062,0.3642,74.77,2.0191,1351.2,43.951
2024-03-06 04:00:00,14.277,1016.081,0.648,76.324,1.9104,1446.8,43.154
2024-03-06 05:00:00,12.916,1014.644,0.6558,73.723,1.8559,1478.8,40.264
2024-03-06 06:00:00,11.452,1014.666,0.3681,71.902,2.3542,1639.2,37.37
2024-03-06 07:00:00,11.534,1016.008,0.5823,74.738,2.0079,1556.8,38.853
2024-03-06 08:00:00,11.411,1015.364,0.5212,75.391,2.411,1587.3,40.519
2024-03-06 09:00:00,12.282,1013.845,0.7076,75.29,2.2566,1463.1,41.038
2024-03-06 10:00:00,11.264,1015.388,0.5824,74.662,2.3739,1368.4,39.057
2024-03-06 11:00:00,11.758,1014.396,0.2847,77.469,2.1522,1382.3,39.292
2024-03-06 12:00:00,12.609,1014.862,0.4437,77.046,2.4393,1372.3,38.28
2024-03-06 13:00:00,13.016,1013.972,0.2653,75.188,2.1555,1366.5,35.715
2024-03-06 14:00:00,9.205,1014.719,0.111,74.919,2.4121,1438.9,36.594
2024-03-06 15:00:00,10.692,1014.114,0.331,73.576,2.6033,1466.0,37.282
2024-03-06 16:00:00,10.823,1015.1,0.4898,75.256,2.1457,1482.3,39.518
2024-03-06 17:00:00,11.127,1015.656,0.657,76.014,2.3536,1591.1,35.895
2024-03-06 18:00:00,11.457,1018.182,0.5048,76.402,2.101,1590.5,32.137
2024-03-06 19:00:00,11.953,1017.246,0.4991,79.471,2.4379,1473.4,33.247
2024-03-06 20:00:00,12.559,1015.218,0.695,78.822,2.5081,1561.1,35.069
2024-03-06 21:00:00,12.564,1013.196,0.6241,77.647,2.2039,1605.3,36.246
2024-03-06 22:00:00,11.099,1012.167,0.9354,78.419,2.2335,1542.4,43.38
2024-03-06 23:00:00,12.459,1012.519,0.3116,78.066,2.2862,1601.2,45.626
2024-03-07 00:00:00,12.879,1011.332,0.0043,73.216,1.9028,1633.2,40.514
2024-03-07 01:00:00,15.524,1013.209,0.0459,69.971,2.532,1566.2,38.599
2024-03-07 02:00:00,15.804,1013.015,0.379,71.671,2.3444,1541.7,37.027
2024-03-07 03:00:00,16.231,1011.247,0.2937,73.168,2.4825,1614.5,45.386
2024-03-07 04:00:00,15.093,1010.368,-0.0009,72.449,2.6765,1490.3,40.731
2024-03-07 05:00:00,14.225,1009.336,0.3393,71.44,2.1617,1498.0,41.44
2024-03-07 06:00:00,13.743,1009.482,0.0437,68.726,1.8568,1429.5,40.334
2024-03-07 07:00:00,11.249,1007.968,0.4336,70.236,1.7181,1374.8,35.36
2024-03-07 08:00:00,11.216,1009.667,0.5489,71.217,2.1496,1471.2,39.279
2024-03-07 09:00:00,10.526,1008.9,0.8018,72.901,2.1194,1708.4,41.844
2024-03-07 10:00:00,8.646,1008.353,0.9417,88.2,2.4174,1859.9,42.911
2024-03-07 11:00:00,5.797,1009.364,1.026,72.016,2.552,1929.2,43.34
2024-03-07 12:00:00,7.18,1007.97,0.9849,73.866,2.3625,1805.0,35.586
2024-03-07 13:00:00,7.325,1007.716,0.6989,73.3,2.681,1614.4,39.665
2024-03-07 14:00:00,15.73,1009.811,0.567,70.819,2.5316,1747.4,36.934
2024-03-07 15:00:00,7.577,1009.721,0.5071,69.627,2.1544,1639.8,43.104
2024-03-07 16:00:00,10.36,1009.439,0.5292,68.28,2.394,1756.0,40.434
2024-03-07 17:00:00,10.335,1008.133,0.3986,71.618,2.1845,1696.9,38.965
2024-03-07 18:00:00,10.645,1006.29,0.3037,74.22,2.3386,1667.0,38.721
2024-03-07 19:00:00,9.245,1008.285,0.7133,73.441,2.1132,1670.3,36.871
2024-03-07 20:00:00,12.239,1007.417,0.2683,73.087,2.3972,1677.8,34.089
2024-03-07 21:00:00,13.978,1009.339,0.5326,72.133,2.2914,1695.0,37.492
2024-03-07 22:00:00,15.831,1007.522,0.8733,75.436,2.2253,1537.0,33.923
2024-03-07 23:00:00,16.337,1008.481,0.4071,68.62,2.09,1634.8,39.039
2024-03-08 00:00:00,17.981,1007.324,0.8252,67.979,2.6465,1631.1,36.134
2024-03-08 01:00:00,18.656,1007.111,0.7558,60.926,2.4101,1677.3,39.727
2024-03-08 02:00:00,19.382,1007.934,1.1171,63.65,1.1423,1671.6,39.95
2024-03-08 03:00:00,18.793,1007.565,0.8317,67.891,1.6933,1643.1,44.106
2024-03-08 04:00:00,16.434,1007.678,1.1167,68.301,1.9727,1718.6,46.563
2024-03-08 05:00:00,17.232,1004.611,0.8251,68.35,2.0353,1749.6,48.026
2024-03-08 06:00:00,13.88,1003.409,0.608,70.319,2.2213,1770.8,40.353
2024-03-08 07:00:00,13.012,1005.639,1.2573,72.774,2.4495,1768.2,43.156
2024-03-08 08:00:00,12.118,1004.494,1.0,67.778,2.0495,1686.6,43.031
2024-03-08 09:00:00,10.274,1004.196,0.7701,67.849,2.737,1705.9,48.175
2024-03-08 10:00:00,10.789,1003.262,0.906,68.675,2.7441,1632.0,44.543
2024-03-08 11:00:00,10.217,1001.819,0.8387,68.141,2.5588,1732.9,44.735
2024-03-08 12:00:00,9.564,999.399,0.9611,67.168,2.3847,1617.7,41.24
2024-03-08 13:00:00,10.291,997.761,0.554,65.49,2.366,1615.8,40.453
2024-03-08 14:00:00,9.728,1000.044,0.6485,65.748,2.0469,1432.5,40.312
2024-03-08 15:00:00,11.601,999.622,1.3536,66.341,2.0472,1456.5,42.409
2024-03-08 16:00:00,11.854,997.758,0.9585,69.107,0.4585,1560.1,37.571
2024-03-08 17:00:00,11.175,996.506,1.6469,69.331,1.9753,1599.6,41.863
2024-03-08 18:00:00,9.087,997.741,1.9862,67.83,2.296,1625.5,36.51
2024-03-08 19:00:00,8.525,996.351,2.6291,68.45,2.1614,1797.5,42.661
2024-03-08 20:00:00,11.271,995.553,3.0543,69.922,2.3029,1794.1,42.926
2024-03-08 21:00:00,12.344,994.187,1.9478,68.044,2.5289,1744.3,46.348
2024-03-08 22:00:00,13.249,992.798,1.5124,67.462,2.5659,1727.5,35.14
2024-03-08 23:00:00,16.554,995.409,1.2238,68.001,2.7429,1807.7,42.74
2024-03-09 00:00:00,15.786,995.231,1.4929,66.511,2.4365,1785.1,41.488
2024-03-09 01:00:00,16.136,994.804,1.5075,65.984,2.4485,1762.6,42.708
2024-03-09 02:00:00,16.469,994.035,1.4413,65.887,2.1638,1839.7,41.94
2024-03-09 03:00:00,17.762,995.075,0.9622,66.493,1.9289,1845.1,43.668
2024-03-09 04:00:00,16.905,995.065,1.9761,62.351,2.1511,1785.7,41.202
2024-03-09 05:00:00,15.914,995.324,1.078,63.713,2.2628,1867.2,38.165
2024-03-09 06:00:00,13.574,995.305,1.1172,63.851,2.1824,1895.1,40.869
2024-03-09 07:00:00,14.23,994.603,1.749,63.867,2.3737,1899.6,38.612
2024-03-09 08:00:00,14.534,1020.08,1.9172,66.201,2.1426,1946.5,37.156
2024-03-09 09:00:00,13.063,1016.161,1.5957,67.611,1.8401,2150.3,36.814
2024-03-09 10:00:00,12.654,1015.408,2.0824,72.045,1.7281,2203.8,44.074
2024-03-09 11:00:00,10.627,1020.323,1.7569,72.434,1.9848,2211.0,41.644
2024-03-09 12:00:00,10.147,1017.288,2.8134,67.196,2.258,2101.3,46.999
2024-03-09 13:00:00,12.071,1017.289,2.8525,65.114,2.5674,1958.5,43.539
2024-03-09 14:00:00,12.117,1017.946,1.9692,65.941,2.5375,2198.9,41.334
2024-03-09 15:00:00,14.819,1020.271,2.3321,65.185,2.2648,2090.8,40.033
2024-03-09 16:00:00,13.244,1025.292,1.9585,68.112,2.0697,2035.2,37.736
2024-03-09 17:00:00,13.81,1023.08,2.108,63.354,1.6877,2143.2,37.131
2024-03-09 18:00:00,13.487,1020.146,2.6153,64.531,1.9435,2232.5,38.912
2024-03-09 19:00:00,14.399,1021.692,1.8393,64.467,2.5371,2217.2,32.525
2024-03-09 20:00:00,14.722,1021.18,2.5431,64.689,2.3894,2260.9,41.931
2024-03-09 21:00:00,14.675,1024.481,1.9638,64.079,2.5476,2288.4,41.292
2024-03-09 22:00:00,14.656,1024.545,0.7982,63.414,2.594,2220.9,45.921
2024-03-09 23:00:00,19.66,1021.62,2.1074,58.879,2.6837,2215.7,40.416
2024-03-10 00:00:00,19.91,1020.086,1.5565,63.153,2.8282,2341.4,41.205
2024-03-10 01:00:00,17.888,1020.046,0.9672,61.383,2.9605,2353.7,38.384
2024-03-10 02:00:00,17.939,1020.133,0.8162,63.572,2.6972,2360.1,41.389
2024-03-10 03:00:00,19.341,1016.719,1.5113,62.344,2.0526,2088.9,42.245
2024-03-10 04:00:00,19.928,1012.111,1.1324,62.485,2.5381,2107.4,48.323
2024-03-10 05:00:00,21.662,1008.826,1.2427,66.886,2.5957,2186.8,48.433
2024-03-10 06:00:00,21.955,1010.671,1.4337,65.126,2.6286,1962.4,49.955
2024-03-10 07:00:00,19.899,1010.574,1.379,68.003,2.6719,2132.5,49.214
2024-03-10 08:00:00,17.551,1006.905,1.5106,67.08,2.5193,2135.5,54.411
2024-03-10 09:00:00,14.738,1006.45,2.1179,68.492,2.2025,2187.5,48.318
2024-03-10 10:00:00,13.066,1003.1,2.6196,66.778,2.2946,2109.3,53.028
2024-03-10 11:00:00,10.548,1003.736,2.4588,64.044,2.8277,1873.8,49.181
2024-03-10 12:00:00,13.15,1002.966,2.4006,61.257,2.7898,1864.9,49.905
2024-03-10 13:00:00,15.824,1002.916,2.2763,62.931,2.833,2037.4,48.752
2024-03-10 14:00:00,13.203,1003.83,1.7409,64.747,2.8028,1911.4,51.159
2024-03-10 15:00:00,11.439,1005.126,1.8284,65.767,3.1002,2098.1,48.144
2024-03-10 16:00:00,9.233,1005.927,0.9587,65.326,2.7933,2062.6,47.862
2024-03-10 17:00:00,9.027,1009.161,1.42,65.627,2.9671,2024.9,53.409
2024-03-10 18:00:00,5.504,1014.205,1.3395,68.653,2.8891,2122.3,53.678
2024-03-10 19:00:00,6.358,1015.187,2.0947,68.042,3.2446,2300.9,53.241
2024-03-10 20:00:00,11.352,1013.784,0.9298,66.288,2.9459,2285.9,51.476
2024-03-10 21:00:00,12.75,1014.534,0.8548,61.301,1.9786,1750.3,44.668
2024-03-10 22:00:00,16.163,1012.012,2.5476,58.704,3.5638,2136.8,49.962
2024-03-10 23:00:00,16.835,1009.619,2.6106,57.044,3.7978,2398.5,53.642
2024-03-11 00:00:00,21.295,1007.448,2.9682,53.991,3.7667,2371.9,55.412
2024-03-11 01:00:00,22.156,1008.012,2.0305,55.381,3.2741,2509.1,54.005
2024-03-11 02:00:00,21.777,1010.444,1.238,61.004,3.4911,2541.1,55.841
2024-03-11 03:00:00,26.127,1014.546,1.8097,62.832,3.7124,2424.7,53.59
2024-03-11 04:00:00,32.794,1016.096,1.9167,61.144,3.9048,2600.3,51.687
2024-03-11 05:00:00,21.027,1016.051,0.6682,60.789,3.8404,2400.2,53.121
2024-03-11 06:00:00,12.012,1013.052,2.7763,64.641,4.1798,2437.7,52.944
2024-03-11 07:00:00,19.358,1012.074,2.6646,66.123,3.8813,2674.9,54.1
2024-03-11 08:00:00,20.039,1012.185,1.3639,61.495,3.9006,2342.6,57.069
2024-03-11 09:00:00,17.088,1010.836,1.2264,59.6,4.2092,2329.5,55.926
2024-03-11 10:00:00,17.659,1013.832,0.3143,52.252,4.1002,2554.9,53.993
2024-03-11 11:00:00,18.177,1010.685,1.2925,49.247,3.5116,2745.6,59.744
2024-03-11 12:00:00,16.111,1008.192,1.3013,56.981,5.1248,2383.1,51.778
2024-03-11 13:00:00,16.014,1008.34,0.9658,62.696,5.1395,2304.5,55.853
2024-03-11 14:00:00,14.375,1011.853,1.636,64.622,4.1065,2314.2,55.358
2024-03-11 15:00:00,18.473,1006.751,1.207,63.457,4.7053,2242.1,56.847
2024-03-11 16:00:00,16.585,1004.412,2.0379,61.465,4.7091,2126.5,52.246
2024-03-11 17:00:00,15.698,1006.881,2.2804,63.438,4.6073,2315.4,56.292
2024-03-11 18:00:00,14.19,1004.796,3.1773,62.453,4.5432,2516.3,62.541
2024-03-11 19:00:00,14.492,1008.754,2.1621,67.067,4.8057,2382.8,57.209
2024-03-11 20:00:00,15.597,1006.011,2.5617,67.771,5.3559,2458.8,59.251
2024-03-11 21:00:00,18.069,1007.63,2.0174,67.997,5.0745,2546.0,61.442
2024-03-11 22:00:00,18.018,1006.524,1.3288,66.417,5.1975,2627.0,57.992
2024-03-11 23:00:00,19.011,1006.699,2.4459,62.678,5.5004,2471.4,60.091
2024-03-12 00:00:00,17.953,1003.659,1.4717,65.164,5.6829,2324.1,60.989
2024-03-12 01:00:00,18.226,999.836,2.369,62.471,5.0477,2280.0,58.133
2024-03-12 02:00:00,24.287,1001.568,1.8182,56.048,4.6645,2534.3,56.551
2024-03-12 03:00:00,25.775,1000.253,2.1244,58.826,4.8045,2448.1,60.431
2024-03-12 04:00:00,23.533,998.279,1.6911,60.945,4.554,2936.3,58.317
2024-03-12 05:00:00,20.518,996.171,1.2992,60.763,2.5231,2153.9,52.018
2024-03-12 06:00:00,18.433,994.469,1.0428,61.808,4.9269,2301.5,58.018
2024-03-12 07:00:00,18.071,998.04,1.1858,67.88,5.7433,2371.2,55.701
2024-03-12 08:00:00,17.607,996.245,1.6393,59.47,5.742,2239.7,55.482
2024-03-12 09:00:00,15.791,995.484,2.489,59.295,5.1359,2351.8,58.92
2024-03-12 10:00:00,13.457,1000.089,1.8455,60.811,3.8391,2254.3,60.982
2024-03-12 11:00:00,16.192,998.914,1.9605,58.677,4.7249,2219.5,65.779
2024-03-12 12:00:00,16.692,998.779,1.8218,55.985,3.6179,2233.5,64.218
2024-03-12 13:00:00,15.775,999.416,1.7944,60.56,4.5782,2048.6,60.187
2024-03-12 14:00:00,15.414,998.526,1.2879,66.214,5.8566,2058.2,56.457
2024-03-12 15:00:00,14.702,996.909,0.885,67.314,6.189,1971.8,50.891
2024-03-12 16:00:00,10.265,999.646,1.1667,70.196,6.0476,2126.7,59.322
2024-03-12 17:00:00,3.594,999.919,1.5058,67.999,6.5609,2370.0,59.822
2024-03-12 18:00:00,11.669,998.117,2.8175,63.377,5.8578,2580.8,64.189
2024-03-12 19:00:00,11.701,994.961,2.9006,63.298,6.0841,2649.9,64.728
2024-03-12 20:00:00,12.635,992.725,1.9529,64.245,5.8807,2722.4,63.304
2024-03-12 21:00:00,15.965,991.073,2.5885,61.218,5.879,2560.2,52.739
2024-03-12 22:00:00,15.686,987.254,0.5377,64.046,7.1938,2615.4,53.357
2024-03-12 23:00:00,15.365,990.993,1.6694,63.674,6.896,2701.3,57.813
2024-03-13 00:00:00,18.782,991.882,2.3684,63.699,7.1814,2303.8,63.234
2024-03-13 01:00:00,21.621,993.522,3.1335,65.545,5.5007,2241.5,66.02
2024-03-13 02:00:00,20.845,990.766,2.3143,65.296,6.1266,2283.3,67.56
2024-03-13 03:00:00,22.552,990.361,2.2444,60.31,5.1794,2686.1,66.905
2024-03-13 04:00:00,22.071,990.504,1.8547,55.935,4.9507,2625.6,63.228
2024-03-13 05:00:00,22.273,991.261,2.5779,53.924,4.8895,2221.5,57.816
2024-03-13 06:00:00,19.415,991.282,2.6962,54.601,5.2017,2159.6,61.405
2024-03-13 07:00:00,20.354,989.083,1.9204,54.262,6.0696,2402.2,63.927
2024-03-13 08:00:00,21.381,992.11,1.9938,52.88,6.33,2483.4,61.622
2024-03-13 09:00:00,21.032,993.852,1.3757,54.057,6.1961,2522.5,64.36
2024-03-13 10:00:00,20.561,993.966,1.567,54.54,6.2314,2551.2,55.658
2024-03-13 11:00:00,13.048,996.053,0.8658,58.3,6.687,2627.3,60.213
2024-03-13 12:00:00,22.633,998.171,1.3547,53.909,5.5255,2362.7,55.537
2024-03-13 13:00:00,14.544,1000.338,2.1062,59.371,5.7078,2314.0,60.066
2024-03-13 14:00:00,14.72,999.559,2.5153,52.499,5.9769,2142.9,56.206
2024-03-13 15:00:00,14.118,997.866,1.4759,54.312,5.7758,2196.9,55.763
2024-03-13 16:00:00,14.875,996.054,1.6242,54.687,5.4991,1929.7,53.032
2024-03-13 17:00:00,16.139,997.379,0.998,56.168,6.3006,2181.6,57.172
2024-03-13 18:00:00,16.131,995.125,1.9306,60.857,6.0664,2280.2,63.64
2024-03-13 19:00:00,16.031,992.738,2.0742,62.298,6.5745,2468.4,82.751
2024-03-13 20:00:00,19.062,993.779,1.4523,60.609,6.8101,2821.5,65.342
2024-03-13 21:00:00,17.832,994.576,1.3232,58.639,5.9654,2693.0,67.87
2024-03-13 22:00:00,20.806,995.47,1.9773,58.807,5.875,2445.4,60.447
2024-03-13 23:00:00,21.948,993.077,1.1065,56.899,5.6711,2439.9,66.91
2024-03-14 00:00:00,21.407,993.445,1.5166,55.231,5.6615,2569.9,70.903
2024-03-14 01:00:00,21.937,995.031,1.8047,57.92,5.4883,2585.5,67.304
2024-03-14 02:00:00,21.216,993.42,1.4297,58.007,4.9987,2534.9,65.881
2024-03-14 03:00:00,23.084,992.476,1.4712,57.706,4.2623,2168.6,58.554
2024-03-14 04:00:00,23.593,991.591,1.6679,56.697,4.2382,2344.3,58.329
2024-03-14 05:00:00,22.058,994.648,1.967,54.153,4.8697,2232.6,56.267
2024-03-14 06:00:00,19.576,995.925,1.154,49.236,5.7294,2055.2,63.848
2024-03-14 07:00:00,19.654,992.27,1.0876,51.538,5.1724,2192.2,62.325
2024-03-14 08:00:00,20.504,988.765,1.7337,53.626,5.4291,2387.4,59.823
2024-03-14 09:00:00,19.185,990.343,0.4053,54.659,5.7907,2271.9,60.53
2024-03-14 10:00:00,18.994,989.848,1.652,51.711,5.63,2200.5,56.951
2024-03-14 11:00:00,17.536,990.983,2.4513,51.371,4.9378,2081.1,48.215
2024-03-14 12:00:00,17.226,991.368,3.1042,51.943,5.0795,2253.3,51.516
2024-03-14 13:00:00,16.467,993.248,1.2856,48.819,5.6283,2084.3,62.702
2024-03-14 14:00:00,16.933,989.278,1.369,49.489,5.7092,2005.6,70.12
2024-03-14 15:00:00,14.363,988.16,1.3033,51.842,6.505,1996.5,66.157
2024-03-14 16:00:00,16.069,988.879,2.3231,52.016,7.2343,2157.8,48.939
2024-03-14 17:00:00,16.008,989.442,2.423,49.422,7.4384,2403.0,67.221
2024-03-14 18:00:00,17.095,987.416,2.6435,49.307,6.549,2279.1,59.325
2024-03-14 19:00:00,16.988,986.567,2.5561,48.508,7.203,2162.3,82.433
2024-03-14 20:00:00,18.305,985.711,1.331,45.923,5.9656,2169.1,70.152
2024-03-14 21:00:00,17.345,986.299,1.6639,44.216,4.5164,2262.1,67.302
2024-03-14 22:00:00,20.73,988.171,0.5092,45.033,6.242,2391.5,58.928
2024-03-14 23:00:00,18.805,987.694,1.3002,45.264,5.9544,2401.2,46.011
2024-03-15 00:00:00,18.683,987.537,1.5921,52.529,4.1936,2176.2,59.982
2024-03-15 01:00:00,20.782,983.304,1.583,52.512,5.7444,2052.2,54.664
2024-03-15 02:00:00,24.309,981.873,1.7995,52.393,6.1787,2023.7,54.669
2024-03-15 03:00:00,24.764,986.788,2.1183,52.12,6.1167,2112.7,53.023
2024-03-15 04:00:00,23.882,983.441,1.5155,50.627,6.1658,2245.6,60.17
2024-03-15 05:00:00,20.852,987.076,1.8228,54.064,6.5568,2453.3,67.012
2024-03-15 06:00:00,20.189,986.657,2.5524,55.532,5.3137,2360.7,58.157
2024-03-15 07:00:00,19.592,982.784,2.4199,56.943,3.9855,2392.2,58.617
2024-03-15 08:00:00,21.678,986.695,2.3084,56.801,5.626,2504.1,65.08
2024-03-15 09:00:00,21.289,989.648,2.1137,51.33,4.79,2258.8,62.626
2024-03-15 10:00:00,17.357,988.387,1.3283,54.422,5.1662,2192.5,69.917
2024-03-15 11:00:00,20.286,990.198,2.2393,52.922,5.3173,2305.1,69.345
2024-03-15 12:00:00,18.525,989.157,1.6999,53.629,5.0494,2302.6,66.087
2024-03-15 13:00:00,16.47,989.126,1.6763,56.956,5.3465,1898.2,64.051
2024-03-15 14:00:00,18.887,989.339,1.5195,54.995,5.1067,1840.3,66.417
2024-03-15 15:00:00,18.241,988.681,1.4312,51.563,5.1267,1961.7,64.977
2024-03-15 16:00:00,17.301,989.712,1.2566,53.603,5.8089,2055.8,58.802
2024-03-15 17:00:00,17.669,990.295,-0.4229,59.232,5.3181,2008.0,57.319
2024-03-15 18:00:00,19.138,988.875,1.7766,54.351,4.8353,2240.4,37.827
2024-03-15 19:00:00,20.718,989.393,2.3149,54.676,5.677,2208.8,66.765
2024-03-15 20:00:00,18.29,988.113,2.0639,54.155,6.1844,2426.3,63.157
2024-03-15 21:00:00,22.402,988.406,1.3421,56.246,5.9296,2305.9,56.637
2024-03-15 22:00:00,24.11,987.326,1.6074,55.068,5.3373,2097.9,58.849
2024-03-15 23:00:00,23.517,987.663,2.8559,51.197,4.5046,2096.0,59.907
2024-03-16 00:00:00,22.567,991.12,2.4428,46.264,4.7229,2207.4,59.896
2024-03-16 01:00:00,21.688,989.31,1.9571,51.746,5.7582,2050.9,61.38
2024-03-16 02:00:00,22.756,986.071,1.4028,51.638,5.72,2525.8,61.91
2024-03-16 03:00:00,22.049,989.764,1.8163,50.06,6.4862,2175.6,60.326
2024-03-16 04:00:00,20.971,990.164,1.6346,50.478,5.7788,2242.5,64.787
2024-03-16 05:00:00,22.346,988.523,2.2883,50.633,5.2288,2514.4,71.375
2024-03-16 06:00:00,22.206,987.979,2.4319,48.959,4.4903,2479.8,69.117
2024-03-16 07:00:00,20.461,986.123,2.1331,49.685,3.8953,2308.4,65.785
2024-03-16 08:00:00,20.724,988.454,1.7093,52.329,3.3851,1995.1,62.848
2024-03-16 09:00:00,21.779,989.97,1.7159,48.85,3.6076,2063.1,59.542
2024-03-16 10:00:00,18.416,991.089,1.6313,53.64,5.434,2319.3,59.872
2024-03-16 11:00:00,16.702,991.187,1.3739,52.554,5.9686,2116.4,53.886
2024-03-16 12:00:00,18.018,986.496,2.0662,53.259,5.7938,2244.4,58.014
2024-03-16 13:00:00,18.701,984.337,1.6825,57.272,5.7619,2441.1,59.974
2024-03-16 14:00:00,18.464,985.613,1.2636,53.968,6.3074,2483.0,66.635
2024-03-16 15:00:00,19.893,980.515,0.4809,53.506,6.5141,2524.1,56.518
2024-03-16 16:00:00,17.313,981.62,0.8396,55.541,5.6646,2416.7,65.899
2024-03-16 17:00:00,14.832,980.577,0.3759,58.601,5.4771,2426.1,66.918
2024-03-16 18:00:00,14.143,971.199,1.3236,55.972,5.0824,2218.6,66.047
2024-03-16 19:00:00,15.491,983.691,0.9771,59.407,5.2055,2271.0,63.35
2024-03-16 20:00:00,15.286,986.769,1.396,53.398,6.0562,2225.1,59.178
2024-03-16 21:00:00,15.995,987.88,0.8753,54.201,5.8661,2005.1,52.473
2024-03-16 22:00:00,16.082,988.367,0.9976,51.457,5.584,2093.9,57.559
2024-03-16 23:00:00,17.051,986.505,0.8867,51.455,5.1289,1807.7,51.36
2024-03-17 00:00:00,17.362,988.312,1.0005,54.179,4.6002,1901.3,65.059
2024-03-17 01:00:00,19.945,993.555,0.7732,52.822,5.9374,1898.9,65.807
2024-03-17 02:00:00,22.509,989.411,1.0254,55.047,5.3853,1975.0,58.927
2024-03-17 03:00:00,22.089,987.353,1.0659,55.358,5.2893,1922.4,60.877
2024-03-17 04:00:00,21.869,991.286,1.2024,56.787,6.0777,2132.9,58.456
2024-03-17 05:00:00,20.662,992.219,0.8574,57.91,6.7295,2147.8,55.166
2024-03-17 06:00:00,21.162,991.329,0.9923,51.241,6.0164,2158.0,57.611
2024-03-17 07:00:00,20.419,992.863,0.7562,56.379,6.4507,2097.5,52.561
2024-03-17 08:00:00,22.054,993.241,0.8809,51.315,7.4361,2197.1,58.31
2024-03-17 09:00:00,18.642,991.506,0.9174,53.402,7.4721,2321.2,65.449
2024-03-17 10:00:00,18.408,990.02,1.215,54.616,6.3631,2256.7,66.791
2024-03-17 11:00:00,18.362,991.989,1.1256,50.186,6.6355,2104.2,61.06
2024-03-17 12:00:00,17.041,992.606,1.2934,50.845,5.8047,2055.6,58.936
2024-03-17 13:00:00,17.674,994.701,1.0497,50.004,5.6868,2128.8,60.784
2024-03-17 14:00:00,14.868,995.612,0.8945,49.522,5.886,1893.6,62.248
2024-03-17 15:00:00,18.705,993.739,0.7903,50.504,5.3965,1960.5,65.456
2024-03-17 16:00:00,15.926,996.676,0.7965,52.846,4.8146,2003.3,87.431
2024-03-17 17:00:00,17.682,994.041,0.5795,53.135,4.991,2006.7,64.389
2024-03-17 18:00:00,15.779,992.816,0.3534,54.712,5.8757,2230.7,63.56
2024-03-17 19:00:00,18.337,991.107,0.293,50.528,6.1532,2159.0,67.15
2024-03-17 20:00:00,18.016,988.378,0.2884,52.685,6.1662,2063.1,60.879
2024-03-17 21:00:00,19.024,990.349,0.3039,49.723,5.8133,2028.6,59.12
2024-03-17 22:00:00,19.966,988.522,0.8648,49.382,5.9421,2010.9,55.65
2024-03-17 23:00:00,22.719,987.774,0.7545,48.169,5.7536,1804.9,51.872
2024-03-18 00:00:00,22.65,990.594,0.7039,45.63,5.5791,2176.5,56.272
2024-03-18 01:00:00,18.301,992.857,0.9424,50.201,5.1078,2250.9,57.888
2024-03-18 02:00:00,18.606,991.678,0.9629,55.456,4.8877,2175.4,54.213
2024-03-18 03:00:00,20.159,989.258,0.6809,54.135,4.8995,2022.2,60.982
2024-03-18 04:00:00,19.933,989.769,0.866,56.278,5.6492,1870.9,57.974
2024-03-18 05:00:00,21.337,987.086,1.0132,53.548,5.9439,1915.5,56.33
2024-03-18 06:00:00,22.359,986.075,2.2604,55.008,6.2605,1844.6,55.226
2024-03-18 07:00:00,20.814,986.56,0.7229,59.864,4.38,1839.7,53.331
2024-03-18 08:00:00,17.135,987.488,0.7818,62.078,4.9696,2058.3,54.452
2024-03-18 09:00:00,18.936,987.473,0.7661,57.526,4.9226,1991.6,60.185
2024-03-18 10:00:00,19.699,988.356,0.4267,57.252,3.6589,1989.6,65.666
2024-03-18 11:00:00,26.477,992.36,0.6329,53.943,4.1807,2138.6,69.034
2024-03-18 12:00:00,20.707,994.206,0.6511,54.903,5.0648,2052.8,68.415
2024-03-18 13:00:00,18.752,997.395,0.4338,60.767,5.1623,2051.8,66.656
2024-03-18 14:00:00,16.041,999.122,0.4619,59.174,5.1251,2012.2,65.134
2024-03-18 15:00:00,15.686,999.226,0.8274,56.787,5.16,2160.5,67.238
2024-03-18 16:00:00,17.523,996.304,0.7219,58.182,5.41,1969.3,64.97
2024-03-18 17:00:00,15.663,993.599,0.2885,56.169,5.074,1977.1,65.617
2024-03-18 18:00:00,19.197,994.108,0.2694,52.429,4.8947,1976.2,63.098
2024-03-18 19:00:00,17.363,993.761,0.8233,48.21,4.5753,1844.8,60.771
2024-03-18 20:00:00,19.345,992.394,0.8348,45.855,5.5315,1920.4,63.547
2024-03-18 21:00:00,20.5,994.103,0.8685,45.93,5.5576,2061.2,59.613
2024-03-18 22:00:00,20.566,997.31,2.0929,46.185,4.6835,2122.5,69.284
2024-03-18 23:00:00,22.968,997.352,0.8802,48.751,4.1491,2152.3,56.514
2024-03-19 00:00:00,20.716,997.751,0.6752,51.328,4.8921,2088.7,48.222
2024-03-19 01:00:00,23.826,996.796,0.4929,55.47,4.983,1916.6,48.653
2024-03-19 02:00:00,23.721,995.727,0.5131,56.99,4.2029,1964.2,55.256
2024-03-19 03:00:00,22.609,1000.466,1.0851,56.309,3.6101,1848.0,51.659
2024-03-19 04:00:00,23.548,997.729,0.7812,56.331,3.1912,1871.6,59.666
2024-03-19 05:00:00,24.334,997.751,0.6555,62.063,4.5013,1971.9,61.33
2024-03-19 06:00:00,24.002,997.209,0.2383,61.521,5.1381,1900.8,59.181
2024-03-19 07:00:00,25.392,997.5,0.2007,62.269,5.2649,1850.4,52.661
2024-03-19 08:00:00,24.611,1000.225,-1.4835,65.08,4.5113,1761.1,62.201
2024-03-19 09:00:00,24.162,1002.473,0.5232,62.074,3.9795,1746.5,64.566
2024-03-19 10:00:00,20.716,1002.036,0.5199,64.208,3.7184,1700.9,60.943
2024-03-19 11:00:00,19.187,1004.371,0.5785,64.66,2.624,1175.3,63.356
2024-03-19 12:00:00,18.83,1002.416,0.6857,62.645,3.8357,1909.1,60.092
2024-03-19 13:00:00,17.657,1003.162,0.7448,66.183,4.3817,1657.3,56.285
2024-03-19 14:00:00,17.358,1006.839,1.064,62.534,3.8265,1764.9,54.547
2024-03-19 15:00:00,17.39,1005.043,0.8623,61.149,3.323,1669.3,62.419
2024-03-19 16:00:00,18.163,1005.209,0.9823,59.703,3.9119,1841.3,67.718
2024-03-19 17:00:00,17.269,1008.12,0.7204,56.304,3.4906,1863.7,62.436
2024-03-19 18:00:00,16.333,1005.706,0.5083,60.202,3.6763,1914.3,63.386
2024-03-19 19:00:00,15.059,1005.609,0.3868,59.97,3.3204,1934.0,64.502
2024-03-19 20:00:00,14.289,1004.773,0.3787,56.98,3.6914,1930.5,60.04
2024-03-19 21:00:00,17.465,1002.418,0.4034,55.132,3.3963,1903.5,60.127
2024-03-19 22:00:00,18.117,1003.667,0.5812,53.849,2.8063,1960.3,63.858
2024-03-19 23:00:00,20.352,1002.143,0.6916,58.212,3.0998,1970.5,58.693
2024-03-20 00:00:00,18.789,1006.162,0.5235,60.665,3.3149,1974.4,60.624
2024-03-20 01:00:00,16.625,1006.178,0.6165,64.492,3.0351,2071.4,55.376
2024-03-20 02:00:00,16.378,1005.752,0.7865,64.427,3.3185,1882.2,54.367
2024-03-20 03:00:00,19.575,1005.965,0.4206,64.053,3.3458,1886.5,58.818
2024-03-20 04:00:00,21.474,1034.144,0.3933,60.275,3.147,1803.9,54.133
2024-03-20 05:00:00,21.242,1034.068,0.3274,62.136,2.8795,1737.6,58.815
2024-03-20 06:00:00,18.745,1034.291,0.6942,61.524,2.9078,1769.9,59.213
2024-03-20 07:00:00,17.581,1033.832,0.7766,63.123,2.7255,1880.0,57.51
2024-03-20 08:00:00,16.121,1033.539,0.6393,62.9,2.7255,2395.4,57.637
2024-03-20 09:00:00,14.743,1034.388,0.7577,60.292,2.4806,1752.6,58.437
2024-03-20 10:00:00,10.034,1032.32,0.583,66.35,2.3624,1677.3,62.002
2024-03-20 11:00:00,9.208,1031.987,0.7006,65.165,2.3102,1590.5,61.721
2024-03-20 12:00:00,9.721,1032.571,0.5409,70.763,2.4492,1676.9,57.269
2024-03-20 13:00:00,12.975,1033.434,0.5851,69.057,2.2238,1758.0,57.818
2024-03-20 14:00:00,13.221,1033.41,0.3104,68.28,1.9887,1931.5,67.586
2024-03-20 15:00:00,15.499,1033.959,0.4984,68.424,2.2613,1805.6,58.922
2024-03-20 16:00:00,14.291,1033.929,0.3965,69.747,1.9904,1748.5,57.619
2024-03-20 17:00:00,13.701,1032.324,0.0898,70.693,2.302,1694.2,63.65
2024-03-20 18:00:00,7.368,1033.925,-0.0535,71.526,2.0792,1823.9,58.035
2024-03-20 19:00:00,10.044,1034.59,0.0942,71.217,1.862,1720.4,46.325
2024-03-20 20:00:00,12.474,1033.876,0.5563,67.507,1.7054,1682.0,49.137
2024-03-20 21:00:00,16.641,1035.845,0.3059,62.653,1.8267,1697.1,53.604
2024-03-20 22:00:00,16.388,1036.69,0.7933,67.904,1.8028,1751.2,55.687
2024-03-20 23:00:00,17.457,1036.046,0.7399,68.534,1.6553,1801.9,53.328
2024-03-21 00:00:00,17.138,1037.335,0.7453,68.091,1.895,1776.7,53.587
2024-03-21 01:00:00,16.18,1037.843,0.8185,63.721,1.8457,1731.4,57.952
2024-03-21 02:00:00,16.129,1038.59,0.5841,67.589,1.8156,1813.0,56.983
2024-03-21 03:00:00,16.445,1037.727,0.6341,67.124,1.8951,1833.9,56.237
2024-03-21 04:00:00,19.119,1037.051,0.6332,62.51,2.0073,1748.2,53.682
2024-03-21 05:00:00,18.442,1036.205,0.5109,62.326,2.0299,1899.0,56.0
2024-03-21 06:00:00,16.169,1035.79,0.6439,65.756,1.8238,1984.0,58.125
2024-03-21 07:00:00,15.601,1033.579,0.5122,66.718,1.748,1904.3,55.669
2024-03-21 08:00:00,14.983,1035.286,0.5498,70.097,1.9745,1781.5,51.015
2024-03-21 09:00:00,12.832,1034.358,0.6227,61.007,1.508,1897.8,52.051
2024-03-21 10:00:00,14.121,1035.42,0.6404,65.065,1.7456,1972.3,48.855
2024-03-21 11:00:00,10.049,1034.361,0.7725,65.359,1.8438,1914.5,53.027
2024-03-21 12:00:00,9.79,1034.957,0.515,67.202,1.5787,1811.8,55.355
2024-03-21 13:00:00,11.091,1034.09,0.3565,66.386,1.2511,1918.8,53.367
2024-03-21 14:00:00,8.797,1034.593,0.7661,69.164,1.455,1791.8,53.661
2024-03-21 15:00:00,9.927,1033.361,0.637,70.996,1.4288,1895.1,51.508
2024-03-21 16:00:00,12.362,1033.379,0.8073,73.026,1.5802,1815.9,46.259
2024-03-21 17:00:00,12.88,1034.717,1.0146,72.69,1.1579,1775.9,50.045
2024-03-21 18:00:00,9.86,1035.388,0.9981,74.988,1.5183,1793.1,61.469
2024-03-21 19:00:00,0.895,1035.916,1.0386,78.149,1.8208,1821.2,53.35
2024-03-21 20:00:00,12.652,1035.282,0.6252,70.39,1.4801,1587.0,53.361
2024-03-21 21:00:00,13.627,1033.335,0.3479,70.228,1.2916,1680.0,57.067
2024-03-21 22:00:00,14.456,1033.055,0.2124,72.156,1.7182,1688.7,55.863
2024-03-21 23:00:00,15.733,1033.221,0.2579,68.083,1.7385,1637.2,63.498
2024-03-22 00:00:00,17.114,1035.459,-0.0423,70.754,1.6338,1652.0,61.845
2024-03-22 01:00:00,17.076,1036.403,0.2451,70.521,1.7508,1540.5,56.325
2024-03-22 02:00:00,17.28,1036.938,0.1166,72.2,1.5446,1605.4,64.689
2024-03-22 03:00:00,17.524,1036.446,0.5479,71.568,1.388,1589.9,58.284
2024-03-22 04:00:00,16.788,1035.872,0.6316,69.261,1.7251,1747.8,54.507
2024-03-22 05:00:00,16.118,1036.825,0.7087,67.267,1.5192,1733.0,58.03
2024-03-22 06:00:00,16.299,1036.566,0.3837,67.017,1.5936,1838.8,58.611
2024-03-22 07:00:00,14.233,1036.38,0.6024,66.229,1.4066,1784.8,57.874
2024-03-22 08:00:00,14.666,1038.595,1.0949,68.731,1.0536,1694.3,52.431
2024-03-22 09:00:00,14.746,1037.419,0.9432,66.945,1.4192,1925.1,57.114
2024-03-22 10:00:00,11.851,1037.154,1.1258,65.868,1.6217,1819.0,54.221
2024-03-22 11:00:00,10.905,1036.958,0.8562,69.185,1.3635,1667.2,56.237
2024-03-22 12:00:00,10.608,1036.363,0.8502,69.881,1.8279,1574.3,52.055
2024-03-22 13:00:00,9.555,1035.052,1.367,69.398,1.9681,1627.9,50.223
2024-03-22 14:00:00,8.829,1036.759,1.2821,69.521,1.5855,1755.3,53.83
2024-03-22 15:00:00,8.726,1035.376,1.3789,70.336,1.478,1639.1,53.004
2024-03-22 16:00:00,9.477,1034.725,1.1642,70.945,1.576,1822.6,53.052
2024-03-22 17:00:00,9.131,1035.392,0.7654,71.205,1.5801,1952.7,53.07
2024-03-22 18:00:00,10.869,1034.371,0.577,67.189,1.3548,2233.2,51.637
2024-03-22 19:00:00,11.166,1034.642,0.9229,67.156,1.432,2229.2,52.198
2024-03-22 20:00:00,11.365,1034.758,1.0611,66.322,1.4872,2155.9,56.99
2024-03-22 21:00:00,13.082,1034.87,1.4348,67.174,0.9991,2073.7,60.164
2024-03-22 22:00:00,14.063,1035.057,1.3512,68.976,1.214,2157.0,59.2
2024-03-22 23:00:00,14.897,1033.871,1.5162,69.723,1.3528,2010.6,55.365
2024-03-23 00:00:00,15.173,1033.758,1.4211,70.12,1.2077,1962.2,53.789
2024-03-23 01:00:00,17.148,1035.584,1.6329,70.058,1.2678,1990.6,50.408
2024-03-23 02:00:00,17.74,1036.999,1.637,67.413,1.4959,1751.9,52.42
2024-03-23 03:00:00,17.131,1036.352,1.7476,70.195,1.3114,1716.2,54.317
2024-03-23 04:00:00,15.215,1037.546,1.2881,72.788,1.0229,1757.6,56.564
2024-03-23 05:00:00,14.888,1036.416,1.5936,74.441,0.9233,1741.1,55.406
2024-03-23 06:00:00,12.993,1034.997,2.4356,75.537,1.138,1840.1,55.548
2024-03-23 07:00:00,10.719,1033.09,2.3744,74.773,1.5272,1991.6,53.272
2024-03-23 08:00:00,9.845,1032.409,2.4486,74.83,1.7654,2010.1,58.295
2024-03-23 09:00:00,9.434,1033.474,1.5833,74.934,1.3026,1961.4,53.743
2024-03-23 10:00:00,9.823,1033.538,0.0575,73.824,1.2263,1982.3,58.333
2024-03-23 11:00:00,9.306,1035.672,0.4031,77.217,1.2872,1870.9,49.27
2024-03-23 12:00:00,9.367,1036.606,1.4838,77.949,0.0,1908.5,47.371
2024-03-23 13:00:00,7.854,1036.127,1.102,81.098,1.3271,1748.2,49.778
2024-03-23 14:00:00,7.728,1035.843,1.8941,82.224,1.4497,1887.6,54.101
2024-03-23 15:00:00,7.799,1035.594,0.8725,81.895,1.2094,1813.9,54.252
2024-03-23 16:00:00,8.497,1036.646,1.5042,80.539,1.0405,1896.5,52.463
2024-03-23 17:00:00,8.52,1036.067,2.7937,80.31,1.0436,1909.8,49.977
2024-03-23 18:00:00,9.231,1035.948,2.9395,78.919,1.2653,2031.1,48.152
2024-03-23 19:00:00,8.947,1035.071,2.2136,77.344,1.374,1896.8,47.469
2024-03-23 20:00:00,9.712,1036.451,2.8419,75.73,1.2672,1892.7,48.964
2024-03-23 21:00:00,10.674,1035.87,2.5705,76.507,1.1855,1983.4,47.406
2024-03-23 22:00:00,10.428,1035.045,2.0838,74.81,1.4071,2037.4,46.17
2024-03-23 23:00:00,11.685,1033.405,2.9253,74.858,1.2842,1930.5,45.53
2024-03-24 00:00:00,12.446,1034.613,2.8424,72.889,1.2026,2002.0,49.598
2024-03-24 01:00:00,11.833,1033.978,1.3651,76.142,1.4819,2107.4,50.31
2024-03-24 02:00:00,13.558,1033.969,1.5334,75.833,1.36,2011.3,44.751
2024-03-24 03:00:00,13.564,1033.584,2.9501,75.852,1.05,2092.9,40.244
2024-03-24 04:00:00,12.816,1033.472,2.5051,76.9,1.3184,1952.2,37.483
2024-03-24 05:00:00,12.202,1031.465,3.5803,76.645,1.6232,1935.1,45.034
2024-03-24 06:00:00,11.711,1031.001,3.3075,74.86,1.4816,2150.4,43.793
2024-03-24 07:00:00,12.039,1030.27,3.3664,74.72,1.5489,2113.8,44.376
2024-03-24 08:00:00,10.654,1033.064,1.8418,78.369,1.5304,1995.6,44.092
2024-03-24 09:00:00,9.928,1034.542,1.9636,79.223,1.8004,2091.8,53.187
2024-03-24 10:00:00,10.008,1034.819,3.2802,81.119,1.2628,2125.6,51.694
2024-03-24 11:00:00,9.392,1037.191,3.7681,85.16,1.2475,2198.1,45.543
2024-03-24 12:00:00,9.395,1037.91,3.2217,84.474,1.4695,2127.2,43.549
2024-03-24 13:00:00,8.231,1035.737,0.925,83.554,1.4874,2117.6,43.962
2024-03-24 14:00:00,8.408,1033.929,1.9456,84.95,1.6181,2035.9,43.898
2024-03-24 15:00:00,7.939,1034.006,2.1461,84.228,1.5061,2096.9,49.936
2024-03-24 16:00:00,8.551,1033.692,2.3408,81.503,1.5467,2107.3,53.915
2024-03-24 17:00:00,7.458,1033.697,1.8385,79.311,1.5626,2171.3,50.581
2024-03-24 18:00:00,6.969,1032.586,1.5414,78.504,1.633,2077.2,48.153
2024-03-24 19:00:00,8.456,1034.431,2.3006,78.914,1.6411,2184.7,44.722
2024-03-24 20:00:00,8.708,1033.66,3.0523,78.521,1.5858,2210.2,51.191
2024-03-24 21:00:00,9.117,1034.53,2.882,78.079,1.6115,2174.8,53.43
2024-03-24 22:00:00,10.129,1035.602,2.6738,76.202,1.722,2242.2,51.976
2024-03-24 23:00:00,10.595,1034.333,3.4085,75.965,1.5176,2215.8,46.138
2024-03-25 00:00:00,12.767,1034.454,2.1493,76.177,1.3112,2288.6,46.269
2024-03-25 01:00:00,12.425,1035.601,2.2202,73.783,1.6103,2223.0,37.263
2024-03-25 02:00:00,12.959,1036.408,2.0947,73.294,1.3613,2208.5,42.538
2024-03-25 03:00:00,13.519,1036.324,1.9782,77.902,1.4987,2197.7,47.406
2024-03-25 04:00:00,21.725,1035.897,1.7063,77.49,1.8972,2167.6,71.417
2024-03-25 05:00:00,12.024,1035.127,2.8696,82.365,1.7667,2249.9,51.393
2024-03-25 06:00:00,10.636,1035.699,3.1675,78.732,1.719,2333.3,54.878
2024-03-25 07:00:00,10.236,1035.436,1.2598,78.846,2.0227,2258.8,57.882
2024-03-25 08:00:00,8.483,1034.701,3.618,80.398,1.6524,2493.0,49.39
2024-03-25 09:00:00,8.31,1033.42,2.0374,80.377,1.6032,2437.7,52.668
2024-03-25 10:00:00,6.371,1031.376,2.0989,82.447,1.7434,2264.9,57.541
2024-03-25 11:00:00,5.682,1030.853,1.6567,83.058,1.7537,2197.9,46.852
2024-03-25 12:00:00,5.679,1032.528,3.1131,83.688,1.682,2168.7,53.239
2024-03-25 13:00:00,4.719,1031.449,2.6201,85.245,1.1757,2268.5,46.863
2024-03-25 14:00:00,5.575,1030.337,2.6877,81.359,1.2592,2446.3,46.286
2024-03-25 15:00:00,5.744,1029.785,2.264,81.896,1.4705,2374.8,44.016
2024-03-25 16:00:00,5.133,1029.316,2.9548,80.005,1.5575,2534.5,40.646
2024-03-25 17:00:00,4.393,1028.523,2.9367,81.271,1.4786,2636.0,42.842
2024-03-25 18:00:00,3.958,1029.087,2.9521,99.505,3.1687,2462.5,47.629
2024-03-25 19:00:00,5.147,1029.202,2.8347,82.85,1.4823,2321.7,52.952
2024-03-25 20:00:00,5.383,1030.172,3.2804,79.837,1.9305,2620.6,49.203
2024-03-25 21:00:00,5.749,1030.355,3.2758,77.748,1.8207,2541.1,57.69
2024-03-25 22:00:00,7.285,1030.043,3.309,77.926,1.612,2199.2,56.163
2024-03-25 23:00:00,10.748,1027.336,1.9992,76.417,1.4703,2607.9,57.014
2024-03-26 00:00:00,11.98,1027.427,3.0427,79.424,1.6495,2574.8,51.814
2024-03-26 01:00:00,13.371,1026.579,3.4392,78.518,1.7845,2600.5,48.703
2024-03-26 02:00:00,13.899,1027.65,3.3884,81.557,1.8236,2446.2,44.65
2024-03-26 03:00:00,14.516,1027.472,2.7526,80.809,1.9366,2428.9,45.078
2024-03-26 04:00:00,12.939,1026.408,2.6261,78.986,1.3525,2540.7,43.877
2024-03-26 05:00:00,12.058,1025.704,1.8026,83.018,1.5944,2545.9,38.538
2024-03-26 06:00:00,11.515,1024.381,1.74,81.947,1.9186,2828.3,46.553
2024-03-26 07:00:00,10.504,1023.914,3.2461,84.272,2.1118,2981.8,49.171
2024-03-26 08:00:00,9.313,1024.394,2.6367,86.216,2.0355,2549.7,47.903
2024-03-26 09:00:00,7.858,1025.681,2.1567,85.181,1.8451,2427.5,48.497
2024-03-26 10:00:00,7.007,1026.048,2.5256,85.674,1.7769,2500.9,49.849
2024-03-26 11:00:00,5.959,1026.633,2.4533,86.662,2.15,2511.3,47.169
2024-03-26 12:00:00,3.913,1027.185,1.8213,88.486,2.0176,2795.8,54.863
2024-03-26 13:00:00,3.421,1026.341,2.4949,86.822,1.9623,3126.8,56.934
2024-03-26 14:00:00,4.445,1027.464,2.2327,83.69,1.5373,2793.8,54.345
2024-03-26 15:00:00,6.135,1025.431,2.4631,84.688,1.5964,2770.5,52.587
2024-03-26 16:00:00,7.678,1025.225,3.3231,84.46,1.79,2521.8,46.82
2024-03-26 17:00:00,7.578,1024.332,3.1525,80.548,1.9632,2573.2,49.533
2024-03-26 18:00:00,8.296,1022.025,3.7151,82.096,2.1751,2830.5,54.864
2024-03-26 19:00:00,9.081,1023.849,3.3914,79.155,2.337,3167.7,60.655
2024-03-26 20:00:00,8.706,1021.514,2.4149,78.813,2.5321,3184.0,57.596
2024-03-26 21:00:00,7.983,1022.327,1.8732,78.264,2.5701,3083.8,58.881
2024-03-26 22:00:00,9.18,1024.148,2.1639,77.808,4.1255,2924.9,53.158
2024-03-26 23:00:00,8.976,1023.559,1.6256,78.198,2.5775,2899.8,51.357
2024-03-27 00:00:00,10.194,1023.118,2.3349,76.574,2.8578,2888.8,50.217
2024-03-27 01:00:00,11.929,1020.831,3.3031,78.332,2.9098,2994.6,54.257
2024-03-27 02:00:00,11.546,1020.591,2.6386,79.474,2.5415,3198.2,58.229
2024-03-27 03:00:00,12.183,1022.145,2.3837,80.235,2.6984,2968.6,54.283
2024-03-27 04:00:00,13.27,1021.354,3.5587,81.724,2.8995,2579.1,51.78
2024-03-27 05:00:00,12.969,1020.172,3.5099,83.235,3.0665,2786.4,60.379
2024-03-27 06:00:00,12.443,1017.72,3.3689,82.744,3.117,2990.4,55.74
2024-03-27 07:00:00,11.975,1019.396,3.6056,82.339,3.1101,2795.7,48.702
2024-03-27 08:00:00,11.989,1019.867,3.2169,80.608,3.4485,2788.8,49.779
2024-03-27 09:00:00,10.562,1019.481,3.8719,81.282,3.1167,3021.2,50.36
2024-03-27 10:00:00,10.269,1020.536,3.7156,80.37,3.1006,2904.0,52.305
2024-03-27 11:00:00,9.025,1019.741,1.5556,77.509,3.0796,2993.0,54.136
2024-03-27 12:00:00,7.761,1019.238,2.5279,78.969,3.683,3177.3,53.497
2024-03-27 13:00:00,7.569,1009.367,2.7605,77.389,3.231,3276.4,55.155
2024-03-27 14:00:00,6.765,1019.961,1.6632,80.529,3.0805,3064.7,55.755
2024-03-27 15:00:00,6.255,1019.981,2.79,83.609,2.9011,3413.7,54.285
2024-03-27 16:00:00,5.922,1019.894,2.4907,84.194,4.2903,3244.9,49.17
2024-03-27 17:00:00,4.442,1019.653,1.9902,81.997,4.3846,3242.9,47.045
2024-03-27 18:00:00,5.402,1019.318,0.8136,81.48,4.1945,3061.2,54.94
2024-03-27 19:00:00,5.275,1017.616,1.6148,79.459,4.2513,3305.4,62.536
2024-03-27 20:00:00,6.408,1017.367,2.0657,77.901,5.2191,3563.2,61.871
2024-03-27 21:00:00,8.855,1017.011,2.7159,75.927,4.7609,3426.8,64.61
2024-03-27 22:00:00,9.497,1016.224,2.7948,76.035,5.211,3666.7,59.161
2024-03-27 23:00:00,10.288,1015.348,2.6479,76.396,4.3829,3372.3,54.443
2024-03-28 00:00:00,12.624,1014.393,2.0953,75.86,3.7996,3202.9,56.047
2024-03-28 01:00:00,13.818,1013.748,2.132,76.262,3.8884,2859.8,51.902
2024-03-28 02:00:00,14.985,1014.451,2.7243,74.272,4.2124,3201.2,50.495
2024-03-28 03:00:00,14.579,1014.621,1.6246,76.667,4.5399,3005.7,47.991
2024-03-28 04:00:00,14.806,1016.437,1.8719,78.28,4.4187,3403.0,49.854
2024-03-28 05:00:00,13.424,1016.838,2.258,77.217,4.9142,3206.7,49.158
2024-03-28 06:00:00,11.974,1015.882,2.3317,78.202,5.1809,3431.7,55.049
2024-03-28 07:00:00,11.522,1015.095,2.7378,76.954,5.6572,3487.4,48.283
2024-03-28 08:00:00,9.95,1014.777,3.5961,75.982,4.9151,3129.8,44.773
2024-03-28 09:00:00,9.678,1014.286,4.164,76.198,4.2056,3021.3,36.739
2024-03-28 10:00:00,10.69,1014.208,2.3336,77.662,4.5267,3153.5,42.413
2024-03-28 11:00:00,8.221,1016.149,2.1239,77.799,4.3639,3306.6,45.334
2024-03-28 12:00:00,7.168,1015.559,0.9488,78.492,4.5916,3405.2,50.192
2024-03-28 13:00:00,7.943,1015.323,2.4886,78.554,4.2513,3229.7,50.567
2024-03-28 14:00:00,7.597,1013.694,2.6256,76.139,4.7078,2945.4,53.06
2024-03-28 15:00:00,8.448,1011.95,2.9417,71.31,5.0915,3012.1,52.301
2024-03-28 16:00:00,7.446,1011.872,2.7259,70.307,5.2008,2857.7,48.617
2024-03-28 17:00:00,7.874,1011.475,3.2123,70.492,5.2914,2547.3,47.583
2024-03-28 18:00:00,7.985,1011.756,2.7935,70.352,5.2472,2553.6,50.998
2024-03-28 19:00:00,8.545,1013.178,3.1805,69.827,4.939,2806.0,55.461
2024-03-28 20:00:00,9.433,1012.386,2.4728,67.803,4.0347,2825.7,46.108
2024-03-28 21:00:00,9.237,1011.496,3.2346,69.852,4.0414,2732.1,44.723
2024-03-28 22:00:00,9.584,1012.458,2.0562,72.697,4.4937,2802.2,49.764
2024-03-28 23:00:00,12.141,1011.752,2.6825,74.801,4.979,2880.4,53.41
2024-03-29 00:00:00,13.418,1011.639,2.7082,75.338,4.0973,3183.2,54.42
2024-03-29 01:00:00,14.325,1011.337,3.0756,73.548,5.1998,3034.0,52.549
2024-03-29 02:00:00,14.824,1013.138,2.5313,74.319,5.004,3245.6,55.916
2024-03-29 03:00:00,15.301,1010.883,1.961,70.895,5.366,3302.9,54.092
2024-03-29 04:00:00,14.121,1009.842,1.7731,73.188,4.7193,3108.2,51.189
2024-03-29 05:00:00,12.955,1010.474,1.8543,75.044,5.3096,2274.2,49.666
2024-03-29 06:00:00,13.495,1011.515,2.0342,73.137,4.6583,2946.1,57.432
2024-03-29 07:00:00,12.619,1010.06,1.6872,73.914,5.5995,2956.9,61.228
2024-03-29 08:00:00,12.24,1011.117,2.0017,74.445,4.9464,2947.6,63.174
2024-03-29 09:00:00,10.632,1010.245,1.1936,74.943,5.4905,2703.0,59.307
2024-03-29 10:00:00,10.935,997.202,1.7207,77.626,5.0644,3307.7,51.216
2024-03-29 11:00:00,10.361,1008.384,2.0553,77.197,5.1936,2627.0,50.013
2024-03-29 12:00:00,10.105,996.693,3.5285,74.496,5.4357,2766.6,53.268
2024-03-29 13:00:00,10.053,1009.061,3.9792,72.285,5.4075,2810.3,47.861
2024-03-29 14:00:00,9.033,1007.91,3.9839,74.66,6.773,2815.9,45.806
2024-03-29 15:00:00,7.502,1008.037,3.6976,72.171,4.7559,2988.4,53.844
2024-03-29 16:00:00,7.074,1007.494,3.0255,72.918,5.0877,3048.9,52.412
2024-03-29 17:00:00,9.025,1006.147,1.6092,69.843,5.2167,2781.7,54.211
2024-03-29 18:00:00,10.408,1008.009,1.7489,70.981,4.6144,2888.2,57.618
2024-03-29 19:00:00,10.392,1006.758,1.7348,71.018,4.6473,3015.6,55.542
2024-03-29 20:00:00,10.744,1006.79,1.5529,72.806,4.1621,3227.5,60.506
2024-03-29 21:00:00,12.447,1005.451,2.543,69.591,4.5431,3104.3,55.948
2024-03-29 22:00:00,13.156,1005.054,2.3148,67.158,4.4511,3108.1,53.422
2024-03-29 23:00:00,13.134,1005.236,1.8927,67.365,4.1791,3250.4,50.11
2024-03-30 00:00:00,15.4,1005.434,1.1541,66.363,3.9611,2993.4,50.433
2024-03-30 01:00:00,16.582,1004.322,1.1921,68.679,4.7721,2844.0,50.418
2024-03-30 02:00:00,15.039,1004.299,3.1552,69.023,4.4543,2698.4,50.619
2024-03-30 03:00:00,15.426,1004.743,2.774,69.038,4.7665,2896.1,53.552
2024-03-30 04:00:00,15.751,1006.286,2.96,68.418,3.7803,3115.1,53.111
2024-03-30 05:00:00,15.867,1006.843,2.7358,70.688,4.5548,3194.6,57.328
2024-03-30 06:00:00,15.288,1007.576,3.1366,66.701,4.4173,3138.6,54.543
2024-03-30 07:00:00,13.873,1007.706,2.991,67.151,5.1596,2807.6,47.46
2024-03-30 08:00:00,12.958,1006.416,2.3656,65.412,4.6506,3095.9,54.826
2024-03-30 09:00:00,12.438,1005.647,1.9258,63.465,5.24,3288.8,58.495
2024-03-30 10:00:00,11.547,1006.265,1.3116,67.941,4.9412,3153.0,51.816
2024-03-30 11:00:00,10.823,1005.081,1.6272,70.467,4.5467,2979.8,47.904
2024-03-30 12:00:00,11.645,1003.588,2.7054,71.535,5.0392,2951.3,55.765
2024-03-30 13:00:00,10.612,1003.426,1.3382,69.788,5.232,2832.9,55.138
2024-03-30 14:00:00,10.407,1001.389,2.0723,70.408,4.7644,2912.2,52.329
2024-03-30 15:00:00,9.01,1000.72,2.3611,71.198,4.9346,2944.5,48.369
2024-03-30 16:00:00,10.105,999.747,1.8277,70.374,4.378,3005.1,51.282
2024-03-30 17:00:00,11.288,999.656,1.0324,70.647,4.2739,3040.5,51.996
2024-03-30 18:00:00,12.143,1001.369,1.3481,71.636,4.5476,2850.6,55.252
2024-03-30 19:00:00,13.34,1003.857,1.537,71.569,5.2742,2682.3,53.871
2024-03-30 20:00:00,14.195,1004.125,2.3444,72.418,4.1187,2753.6,53.263
2024-03-30 21:00:00,15.144,1002.689,2.6156,72.659,3.7462,2870.4,49.236
2024-03-30 22:00:00,16.355,1003.222,2.1849,70.386,3.4592,2805.3,45.004
2024-03-30 23:00:00,17.027,1003.322,2.4866,70.055,3.2074,2391.7,49.018
2024-03-31 00:00:00,18.94,1002.301,1.7283,66.375,4.343,2564.7,50.439
2024-03-31 01:00:00,19.269,1002.969,1.9162,62.997,4.2741,2710.4,58.202
2024-03-31 02:00:00,18.586,1002.073,2.6427,65.048,4.1268,3009.1,58.247
2024-03-31 03:00:00,19.709,1001.183,1.9993,62.828,4.6441,3077.0,52.328
2024-03-31 04:00:00,21.025,1001.072,1.761,47.103,4.9428,3120.3,50.404
2024-03-31 05:00:00,19.391,1001.612,0.7633,62.03,5.1242,3046.9,55.195
2024-03-31 06:00:00,18.448,1000.936,0.9913,62.414,5.6682,3022.8,52.251
2024-03-31 07:00:00,16.926,1001.098,1.5157,65.061,4.8855,2866.9,53.395
2024-03-31 08:00:00,15.764,998.908,1.1846,67.006,4.6909,3035.2,54.579
2024-03-31 09:00:00,15.077,999.257,2.2663,66.109,4.4484,3177.4,60.216
2024-03-31 10:00:00,14.805,998.716,1.4971,65.856,5.0609,3671.2,59.493
2024-03-31 11:00:00,13.77,998.185,1.4622,65.246,4.8013,3289.8,57.772
2024-03-31 12:00:00,10.716,995.599,1.5378,67.584,4.5554,3766.1,54.986
2024-03-31 13:00:00,10.308,994.511,1.5954,64.323,4.7487,3330.0,55.839
2024-03-31 14:00:00,8.876,993.25,1.6337,67.727,4.7907,3205.7,59.383
2024-03-31 15:00:00,8.149,994.631,1.3088,68.724,3.553,2988.2,58.188
2024-03-31 16:00:00,6.398,994.172,1.1972,66.362,5.3335,3077.0,58.164
2024-03-31 17:00:00,11.053,995.018,-0.3035,68.394,4.9623,3144.5,57.869
2024-03-31 18:00:00,13.327,996.121,0.9794,65.727,4.7112,2962.8,60.273
2024-03-31 19:00:00,10.484,995.765,1.2119,62.187,4.4361,2734.0,56.991
2024-03-31 20:00:00,11.309,994.934,0.6318,62.221,4.4418,2658.9,52.938
2024-03-31 21:00:00,12.168,996.563,0.6868,62.985,5.5649,3467.3,50.898
2024-03-31 22:00:00,13.169,996.926,0.4534,65.023,5.2195,2291.7,47.419
2024-03-31 23:00:00,12.771,995.638,0.4159,64.204,4.6952,2202.2,45.574
2024-04-01 00:00:00,17.094,996.328,0.7584,65.87,5.2426,2457.4,53.894
2024-04-01 01:00:00,18.169,995.687,0.6435,65.787,4.8828,2843.9,52.719
2024-04-01 02:00:00,20.643,996.311,0.5984,61.779,3.6914,2929.8,54.752
2024-04-01 03:00:00,22.413,997.201,0.6432,60.219,4.0526,2871.8,58.122
2024-04-01 04:00:00,25.103,996.207,0.5634,63.459,4.2956,2945.5,57.059
2024-04-01 05:00:00,11.898,996.72,0.7667,60.829,5.0608,2916.1,60.03
2024-04-01 06:00:00,23.519,993.447,0.9035,61.23,5.5303,2915.9,62.206
2024-04-01 07:00:00,24.574,994.394,0.8614,58.167,5.4273,2632.5,60.743
2024-04-01 08:00:00,23.72,992.539,-0.7724,60.789,5.6514,2480.2,58.065
2024-04-01 09:00:00,26.513,995.669,0.7032,57.845,4.9488,2408.4,53.212
2024-04-01 10:00:00,24.231,996.024,0.7711,60.811,4.4858,2595.1,45.092
2024-04-01 11:00:00,23.769,995.289,0.6181,62.201,4.5366,2509.4,46.898
2024-04-01 12:00:00,20.402,996.486,0.5722,56.558,4.6287,2638.8,55.337
2024-04-01 13:00:00,21.687,995.466,0.3447,51.046,4.7637,2558.7,48.834
2024-04-01 14:00:00,20.825,995.534,0.5553,51.157,4.6667,2462.5,51.406
2024-04-01 15:00:00,19.04,995.15,0.3436,49.396,4.7699,2601.6,55.09
2024-04-01 16:00:00,22.894,1030.786,0.4451,46.636,4.9272,2478.2,57.86
2024-04-01 17:00:00,21.107,1029.854,0.4188,51.395,4.5568,2631.2,60.237
2024-04-01 18:00:00,20.574,1030.914,0.5727,50.851,4.9191,2683.7,63.803
2024-04-01 19:00:00,20.023,1029.654,0.5791,50.001,4.7224,2811.4,58.297
2024-04-01 20:00:00,18.83,1030.167,0.4315,49.977,4.5423,2851.2,68.074
2024-04-01 21:00:00,20.868,1031.565,0.9047,47.287,4.5754,2693.9,72.104
2024-04-01 22:00:00,23.195,1030.507,0.9248,46.557,5.2052,2837.0,74.877
2024-04-01 23:00:00,24.521,1032.257,0.7144,45.096,5.3548,2760.0,72.075
2024-04-02 00:00:00,20.373,1033.109,0.5106,53.168,5.2996,3022.8,72.18
2024-04-02 01:00:00,24.051,1032.402,0.3858,56.507,4.9848,2839.8,60.313
2024-04-02 02:00:00,24.059,1031.408,0.7851,56.206,4.0683,2696.3,58.042
2024-04-02 03:00:00,22.136,1031.429,0.6852,59.88,4.4881,2585.9,52.137
2024-04-02 04:00:00,23.973,1030.71,0.6897,60.211,4.1511,2866.4,58.791
2024-04-02 05:00:00,24.868,1029.994,0.6975,58.054,4.3204,2528.7,56.686
2024-04-02 06:00:00,21.942,1030.095,0.5381,57.833,4.4144,2581.6,58.287
2024-04-02 07:00:00,26.36,1018.042,0.4646,55.236,4.4205,3030.0,68.042
2024-04-02 08:00:00,22.092,1030.591,0.3376,61.004,4.3752,3204.3,67.891
2024-04-02 09:00:00,17.685,1033.484,0.4592,63.817,4.2398,3000.7,70.606
2024-04-02 10:00:00,15.464,1035.013,0.5988,61.46,4.8592,2878.7,67.448
2024-04-02 11:00:00,18.923,1036.202,0.4867,56.142,4.789,2986.3,75.287
2024-04-02 12:00:00,18.415,1036.606,0.4897,53.094,4.7231,2638.8,69.122
2024-04-02 13:00:00,9.228,1034.886,0.3688,56.398,4.8338,2775.1,66.131
2024-04-02 14:00:00,17.911,1032.586,0.4349,55.421,4.8572,2694.6,62.487
2024-04-02 15:00:00,17.067,1032.17,0.6978,56.347,4.6514,2788.8,67.725
2024-04-02 16:00:00,16.335,1034.426,0.7317,53.462,4.285,2634.9,70.258
2024-04-02 17:00:00,16.002,1036.371,0.6698,54.341,4.6032,2434.8,75.313
2024-04-02 18:00:00,18.604,1033.126,0.6794,55.907,4.8246,2495.8,65.932
2024-04-02 19:00:00,21.424,1029.788,0.4656,48.357,4.5178,2561.9,66.573
2024-04-02 20:00:00,19.739,1033.31,0.4322,46.406,5.0092,2520.0,64.022
2024-04-02 21:00:00,21.413,1035.844,0.6261,43.864,4.2878,2653.3,70.29
2024-04-02 22:00:00,24.136,1034.216,0.7553,43.083,4.6307,2760.0,72.917
2024-04-02 23:00:00,22.801,1033.845,0.2997,44.393,3.3782,2651.3,67.025
2024-04-03 00:00:00,23.184,1033.764,0.4933,43.333,4.0176,2603.7,68.612
2024-04-03 01:00:00,22.505,1035.636,0.4702,45.083,4.4611,2411.0,65.902
2024-04-03 02:00:00,21.429,1034.293,0.103,38.21,3.9166,2371.9,59.086
2024-04-03 03:00:00,23.167,1035.14,0.2397,40.647,3.7198,2274.1,63.39
2024-04-03 04:00:00,22.466,1035.271,0.3013,40.277,3.7527,2326.1,59.649
2024-04-03 05:00:00,24.243,1035.43,0.4288,46.841,3.4665,2297.4,68.669
2024-04-03 06:00:00,23.846,1036.951,0.2601,42.775,4.1363,2303.1,72.874
2024-04-03 07:00:00,24.053,1036.567,0.372,40.19,4.9226,2495.5,72.029
2024-04-03 08:00:00,22.526,1033.604,0.5879,39.83,4.2274,2453.2,70.383
2024-04-03 09:00:00,20.525,1035.108,0.3365,46.127,4.3862,2563.9,75.088
2024-04-03 10:00:00,20.031,1033.819,0.6886,42.91,3.89,2706.3,75.642
2024-04-03 11:00:00,19.839,1035.272,0.6544,44.922,2.742,2537.0,68.012
2024-04-03 12:00:00,18.361,1035.334,-0.9789,49.775,3.0834,2574.5,66.992
2024-04-03 13:00:00,19.577,1033.09,0.7848,50.387,3.6187,2584.3,68.947
2024-04-03 14:00:00,21.198,1033.449,0.8798,45.769,3.4398,2437.3,66.468
2024-04-03 15:00:00,21.318,1032.106,0.6235,46.395,3.6069,2201.4,67.689
2024-04-03 16:00:00,24.574,1032.627,0.3433,45.766,4.0626,2482.7,67.869
2024-04-03 17:00:00,22.473,1031.818,0.4224,45.942,3.4758,2712.8,72.369
2024-04-03 18:00:00,23.353,1033.73,0.7422,44.005,3.9528,2538.1,76.009
2024-04-03 19:00:00,22.409,1032.172,0.5124,47.301,3.8636,2652.2,70.877
2024-04-03 20:00:00,14.791,1031.473,0.366,50.64,3.8813,2262.0,72.123
2024-04-03 21:00:00,22.202,1030.256,0.2263,51.533,4.227,2429.4,67.1
2024-04-03 22:00:00,25.616,1029.039,0.4834,52.68,4.0575,2434.0,71.505
2024-04-03 23:00:00,26.64,1028.961,0.2576,49.082,3.6051,2239.7,65.815
2024-04-04 00:00:00,29.654,1029.776,0.45,46.127,3.7292,2134.7,68.276
2024-04-04 01:00:00,27.126,1031.096,0.5378,52.356,3.7207,2184.4,65.065
2024-04-04 02:00:00,26.692,1031.267,0.587,44.939,3.6935,2345.4,62.282
2024-04-04 03:00:00,25.35,1030.467,0.5887,49.756,3.4459,2444.0,67.4
2024-04-04 04:00:00,24.712,1027.739,-0.508,54.384,3.6943,2406.3,67.113
2024-04-04 05:00:00,23.499,1030.019,0.8333,53.554,4.1978,2507.7,73.587
2024-04-04 06:00:00,23.299,1029.271,0.9775,54.353,3.2165,2398.0,63.933
2024-04-04 07:00:00,22.977,1030.295,0.7728,62.466,3.6637,2284.0,62.833
2024-04-04 08:00:00,22.399,1028.45,0.7577,57.331,4.0973,2314.1,62.32
2024-04-04 09:00:00,20.764,1031.622,0.4558,59.5,4.0883,1799.0,64.594
2024-04-04 10:00:00,20.934,1032.786,0.4987,59.197,3.943,2366.0,57.652
2024-04-04 11:00:00,22.43,1030.847,0.4565,55.193,3.4359,2317.5,60.584
2024-04-04 12:00:00,20.077,1031.463,0.3789,57.686,3.3171,2264.9,70.48
2024-04-04 13:00:00,20.175,1033.805,0.1437,58.242,3.6421,2297.9,69.576
2024-04-04 14:00:00,20.172,1032.977,0.2242,54.836,3.1668,2073.1,67.973
2024-04-04 15:00:00,21.312,1029.445,0.6159,57.147,3.3473,2357.3,69.836
2024-04-04 16:00:00,21.187,1030.404,0.788,54.103,2.0605,2364.9,68.964
2024-04-04 17:00:00,21.296,1033.765,0.6345,52.913,3.5207,2388.0,71.654
2024-04-04 18:00:00,19.605,1030.253,0.9596,53.471,3.4527,2564.5,65.251
2024-04-04 19:00:00,20.584,1032.083,0.8346,57.694,3.2988,2599.8,64.573
2024-04-04 20:00:00,19.754,1031.301,0.5874,60.27,3.1138,2686.2,68.329
2024-04-04 21:00:00,22.343,1030.878,0.5522,60.115,3.7977,2521.1,67.364
2024-04-04 22:00:00,23.424,1031.019,0.6053,56.62,3.9213,2418.8,61.207
2024-04-04 23:00:00,24.842,1030.789,0.6779,57.767,3.8815,2408.5,73.591
2024-04-05 00:00:00,24.284,1032.14,0.6393,50.605,3.5195,2164.3,75.279
2024-04-05 01:00:00,27.315,1029.529,0.5913,46.524,3.3713,2071.4,71.102
2024-04-05 02:00:00,29.293,1029.277,0.6222,49.082,3.6258,2090.2,73.51
2024-04-05 03:00:00,30.883,1027.475,0.4861,50.356,3.6849,2014.9,68.578
2024-04-05 04:00:00,34.437,1026.703,0.1799,52.884,3.1587,2197.4,75.618
2024-04-05 05:00:00,32.159,1032.447,0.1669,56.505,3.2121,2037.3,68.785
2024-04-05 06:00:00,32.514,1030.266,0.2195,53.58,3.1876,2156.7,65.337
2024-04-05 07:00:00,29.767,1030.776,0.236,49.281,2.7825,2080.8,57.987
2024-04-05 08:00:00,28.442,1030.922,0.4442,44.459,3.0347,2069.9,65.807
2024-04-05 09:00:00,27.208,1026.918,0.51,46.624,3.2007,2268.8,69.78
2024-04-05 10:00:00,26.001,1024.914,0.4021,48.415,3.0646,2209.9,72.574
2024-04-05 11:00:00,25.878,1021.952,0.6494,54.988,2.91,2328.0,69.193
2024-04-05 12:00:00,23.926,1022.476,0.5041,53.237,3.6139,2222.7,62.571
2024-04-05 13:00:00,23.216,1020.754,0.5826,55.057,3.3264,2253.6,74.579
2024-04-05 14:00:00,23.732,1020.033,0.6084,60.246,3.2505,2131.9,71.921
2024-04-05 15:00:00,26.59,1018.218,0.5378,59.366,3.0862,1927.2,67.375
2024-04-05 16:00:00,23.667,1020.719,0.6806,64.655,2.8713,1913.5,70.611
2024-04-05 17:00:00,19.667,1022.678,0.6209,66.134,3.3125,1947.1,69.15
2024-04-05 18:00:00,19.452,1025.955,0.5956,60.553,3.4737,2041.4,67.213
2024-04-05 19:00:00,20.664,1025.648,0.7316,54.016,3.0988,2109.5,62.091
2024-04-05 20:00:00,22.048,1027.043,0.5008,52.887,3.0968,2218.5,72.841
2024-04-05 21:00:00,23.279,1028.923,0.3839,54.306,2.9413,2124.3,75.718
2024-04-05 22:00:00,26.731,1032.266,-0.0731,50.829,2.8781,2140.1,78.211
2024-04-05 23:00:00,29.231,1028.917,0.2625,52.877,3.2391,2099.2,70.192
2024-04-06 00:00:00,29.296,1026.851,0.195,52.475,3.0107,2238.1,70.418
2024-04-06 01:00:00,28.595,1024.75,0.1336,50.837,2.9666,2256.3,71.073
2024-04-06 02:00:00,28.238,1022.186,0.1555,49.513,3.1439,2343.8,64.643
2024-04-06 03:00:00,27.72,1023.849,0.3936,48.09,3.0855,2127.2,71.817
2024-04-06 04:00:00,27.239,1025.258,0.4623,47.394,3.2295,2245.0,77.013
2024-04-06 05:00:00,23.784,1022.504,0.5485,47.628,3.4373,2181.3,74.063
2024-04-06 06:00:00,22.969,1020.707,0.5794,49.202,3.4094,2256.3,74.041
2024-04-06 07:00:00,22.047,1021.728,0.5943,45.065,3.7733,2128.9,66.033
2024-04-06 08:00:00,21.531,1021.078,0.4987,43.997,3.4672,2194.6,59.023
2024-04-06 09:00:00,20.829,1021.822,0.3584,41.637,3.4219,2157.4,67.823
2024-04-06 10:00:00,22.058,1021.688,0.2395,36.993,3.6655,2068.2,72.393
2024-04-06 11:00:00,20.59,1023.807,0.5252,39.118,2.9451,1956.4,68.832
2024-04-06 12:00:00,19.722,1025.698,0.5784,32.873,2.7251,2216.3,66.754
2024-04-06 13:00:00,21.085,1021.82,0.4804,31.045,2.8598,2217.8,70.986
2024-04-06 14:00:00,20.632,1024.365,0.2745,32.409,3.1333,2248.0,68.16
2024-04-06 15:00:00,21.251,1023.104,0.5143,30.126,3.394,1922.8,63.087
2024-04-06 16:00:00,22.686,1020.796,0.2764,32.886,2.9691,1910.8,58.571
2024-04-06 17:00:00,23.375,1022.001,0.3899,38.271,3.1362,2057.7,66.973
2024-04-06 18:00:00,23.712,1020.073,0.2152,39.156,3.0284,2007.7,65.061
2024-04-06 19:00:00,23.311,1017.887,0.5651,37.022,2.7685,1966.2,63.86
2024-04-06 20:00:00,25.058,1017.676,0.683,41.128,2.8602,2042.3,64.506
2024-04-06 21:00:00,25.719,1020.606,0.4687,43.559,3.01,1973.7,55.057
2024-04-06 22:00:00,25.229,1017.199,0.5054,40.254,2.7811,1944.4,47.58
2024-04-06 23:00:00,25.884,1015.699,0.3451,43.408,3.1418,1906.1,58.011
2024-04-07 00:00:00,24.481,1013.188,0.4175,44.189,2.4157,2020.6,63.555
2024-04-07 01:00:00,24.02,1011.915,0.3318,44.775,2.815,1977.1,71.342
2024-04-07 02:00:00,21.769,1012.744,0.5377,44.578,3.2447,2172.0,80.118
2024-04-07 03:00:00,22.237,1011.251,0.722,43.076,3.26,1979.1,79.077
2024-04-07 04:00:00,26.235,1012.951,0.46,39.973,3.0357,2084.5,72.083
2024-04-07 05:00:00,25.056,1013.981,0.3085,41.326,2.6585,2173.4,72.134
2024-04-07 06:00:00,26.409,1015.956,0.316,39.797,2.749,1954.3,73.127
2024-04-07 07:00:00,25.471,1019.804,-0.0043,39.721,2.8084,1991.3,78.51
2024-04-07 08:00:00,23.09,1017.675,0.2001,43.012,2.4749,1938.5,77.862
2024-04-07 09:00:00,25.163,1016.763,0.232,42.077,2.8919,1894.4,75.303
2024-04-07 10:00:00,25.135,1015.722,0.3333,38.628,3.2244,2126.7,72.813
2024-04-07 11:00:00,20.481,1015.079,-0.0825,38.472,2.9973,2167.0,72.044
2024-04-07 12:00:00,22.58,1016.071,-0.0152,42.181,3.1033,2062.7,73.888
2024-04-07 13:00:00,20.022,1017.237,0.1567,48.566,3.3714,1958.5,71.516
2024-04-07 14:00:00,19.95,1016.151,0.47,48.031,3.6222,2081.2,73.235
2024-04-07 15:00:00,21.636,1018.576,0.3468,46.108,3.0417,2032.8,72.699
2024-04-07 16:00:00,21.051,1017.642,0.3309,45.119,3.3769,2119.0,74.865
2024-04-07 17:00:00,23.531,1017.096,0.4767,45.523,3.3421,2246.0,76.147
2024-04-07 18:00:00,24.84,1015.166,0.4542,45.228,3.2732,2219.5,72.197
2024-04-07 19:00:00,21.415,1016.357,0.4996,53.605,3.8492,2132.0,67.854
2024-04-07 20:00:00,21.342,1017.473,0.3172,51.737,3.4658,1977.2,69.094
2024-04-07 21:00:00,23.139,1017.012,0.3661,49.748,2.6274,2065.7,74.04
2024-04-07 22:00:00,23.15,1012.606,0.2295,50.628,3.1174,2182.5,72.53
2024-04-07 23:00:00,24.19,1012.34,0.3449,52.685,3.0491,1825.6,77.108
2024-04-08 00:00:00,27.208,1013.617,0.504,49.103,3.0714,1925.1,77.583
2024-04-08 01:00:00,28.595,1012.8,0.2859,45.546,2.7867,2671.2,84.569
2024-04-08 02:00:00,27.102,1012.655,0.1649,45.835,2.9977,1746.3,80.289
2024-04-08 03:00:00,27.924,1013.615,0.4222,45.923,3.5005,1910.1,73.534
2024-04-08 04:00:00,26.626,1010.091,0.2324,45.821,3.6333,1825.3,63.849
2024-04-08 05:00:00,24.033,1011.875,0.1923,51.932,3.3629,1990.2,69.321
2024-04-08 06:00:00,21.827,1008.394,0.1498,53.174,3.1939,2231.3,76.886
2024-04-08 07:00:00,22.6,1009.062,0.2721,55.487,3.4936,2032.9,67.967
2024-04-08 08:00:00,22.26,1010.473,0.4227,57.158,3.566,1940.2,58.753
2024-04-08 09:00:00,21.884,1009.646,0.4032,50.456,3.8257,1966.6,67.097
2024-04-08 10:00:00,19.233,1010.689,0.8078,48.365,3.4089,1950.2,59.737
2024-04-08 11:00:00,19.153,1011.584,0.5272,47.53,3.3759,1821.1,68.19
2024-04-08 12:00:00,17.446,1010.413,0.407,48.136,3.2929,1933.2,69.811
2024-04-08 13:00:00,16.452,1009.575,0.4854,48.993,3.2642,1856.9,67.236
2024-04-08 14:00:00,17.283,1011.086,0.6833,45.822,3.1477,1975.0,63.42
2024-04-08 15:00:00,15.55,1011.413,0.4368,48.122,3.297,1857.5,67.46
2024-04-08 16:00:00,18.394,1012.192,0.3537,44.278,3.6049,2073.4,66.624
2024-04-08 17:00:00,24.237,1012.464,0.2927,44.934,3.2337,2068.3,79.531
2024-04-08 18:00:00,24.753,1010.847,0.1899,48.927,3.4774,1896.7,81.093
2024-04-08 19:00:00,22.392,1008.533,0.2595,49.672,3.1078,1877.8,72.076
2024-04-08 20:00:00,22.457,1006.591,0.1569,49.783,3.5591,2030.4,64.762
2024-04-08 21:00:00,20.311,1004.319,-0.0916,56.42,3.4893,2036.4,62.515
2024-04-08 22:00:00,21.402,1001.107,0.1199,54.481,3.0431,2211.5,70.426
2024-04-08 23:00:00,24.296,1000.952,0.417,49.922,2.4999,2249.1,73.969
2024-04-09 00:00:00,26.85,1000.207,0.4199,45.488,2.7041,2122.3,72.673
2024-04-09 01:00:00,25.632,1001.313,0.3151,44.105,3.2881,2279.2,75.115
2024-04-09 02:00:00,27.28,1001.673,0.4514,44.928,2.8604,2103.1,70.44
2024-04-09 03:00:00,29.986,1003.048,0.7946,42.002,3.0337,2031.4,69.444
2024-04-09 04:00:00,32.849,1005.564,0.5612,44.239,2.9623,2131.1,75.47
2024-04-09 05:00:00,29.7,1003.779,0.5583,43.056,3.0171,2292.7,80.439
2024-04-09 06:00:00,26.582,1003.568,0.4887,40.654,3.1883,2176.2,67.239
2024-04-09 07:00:00,25.683,1003.109,0.543,39.941,3.0505,2071.4,60.551
2024-04-09 08:00:00,18.795,1001.77,0.3188,44.142,3.3076,2157.9,58.225
2024-04-09 09:00:00,18.198,1000.004,0.5316,44.099,3.3618,2109.4,60.911
2024-04-09 10:00:00,18.183,1000.772,0.378,46.204,3.046,2115.9,64.141
2024-04-09 11:00:00,17.795,1001.762,0.4799,47.986,3.5614,2207.8,73.268
2024-04-09 12:00:00,15.319,1001.568,0.543,54.517,3.3458,2047.7,78.598
2024-04-09 13:00:00,16.184,1002.911,0.6519,58.524,2.9222,1997.6,77.338
2024-04-09 14:00:00,15.844,1003.552,-0.7789,57.636,3.4592,2043.1,77.823
2024-04-09 15:00:00,18.694,1005.349,0.3805,57.622,3.7392,2187.6,79.277
2024-04-09 16:00:00,17.577,1005.052,0.6959,56.488,3.5994,2148.3,68.874
2024-04-09 17:00:00,18.103,1004.964,0.4216,52.487,4.0449,1991.2,70.261
2024-04-09 18:00:00,18.754,1006.635,0.4692,53.972,3.3304,2016.1,69.863
2024-04-09 19:00:00,21.063,1005.155,0.5869,47.243,3.5121,2034.7,76.546
2024-04-09 20:00:00,16.92,1005.507,1.8449,57.606,2.9123,1876.1,79.856
2024-04-09 21:00:00,18.543,1006.752,0.4304,53.5,3.4837,2018.8,69.64
2024-04-09 22:00:00,22.306,1007.602,0.548,49.406,3.4839,1776.0,68.824
2024-04-09 23:00:00,23.222,1008.156,0.6805,47.658,3.5768,1972.5,65.962
2024-04-10 00:00:00,21.818,1008.21,-0.9346,46.159,3.0693,1925.2,66.547
2024-04-10 01:00:00,24.525,1006.545,0.7044,38.89,3.061,1753.3,66.429
2024-04-10 02:00:00,26.497,1007.43,0.5023,44.292,3.0897,1986.5,68.333
2024-04-10 03:00:00,26.539,1005.403,0.4768,41.594,3.0567,1984.2,63.333
2024-04-10 04:00:00,24.451,1003.796,0.4764,39.455,3.0929,1898.4,68.496
2024-04-10 05:00:00,23.294,1002.778,0.6476,38.802,3.3545,1946.6,73.005
2024-04-10 06:00:00,22.842,1003.269,0.4769,41.391,3.7085,1925.6,79.849
2024-04-10 07:00:00,21.003,1005.618,0.5636,46.462,3.8216,1856.4,74.651
2024-04-10 08:00:00,17.256,1007.049,0.5173,48.303,3.6995,2042.2,74.805
2024-04-10 09:00:00,16.542,1008.143,0.4722,53.769,1.4921,1985.0,63.651
2024-04-10 10:00:00,17.326,1007.966,0.3319,56.039,3.0406,2078.9,69.638
2024-04-10 11:00:00,17.028,1006.791,0.5759,54.052,2.6046,2122.6,73.007
2024-04-10 12:00:00,17.707,1003.873,0.4157,49.421,2.9731,2084.4,62.201
2024-04-10 13:00:00,18.598,1001.884,0.349,51.483,3.5631,2060.3,66.721
2024-04-10 14:00:00,20.944,1001.492,0.5064,50.061,3.5368,1898.0,71.785
2024-04-10 15:00:00,25.359,1004.016,0.4818,49.012,3.4801,1898.4,68.48
2024-04-10 16:00:00,25.819,1004.048,0.8528,49.838,3.337,1920.1,65.098
2024-04-10 17:00:00,22.028,1003.664,0.6174,50.524,3.0534,2093.0,64.569
2024-04-10 18:00:00,16.857,1003.69,0.7815,50.129,3.6897,2187.2,66.137
2024-04-10 19:00:00,18.295,1000.137,0.2782,46.306,3.7716,2253.5,59.191
2024-04-10 20:00:00,20.007,998.339,0.1942,50.233,3.3018,2134.2,69.867
2024-04-10 21:00:00,19.197,998.95,0.5132,51.493,1.511,2099.2,76.041
2024-04-10 22:00:00,21.797,1000.373,0.332,51.672,2.9026,2114.7,76.65
2024-04-10 23:00:00,22.005,998.572,0.2168,48.489,3.2747,2246.0,69.76
2024-04-11 00:00:00,24.702,999.135,0.3418,49.133,3.1013,2142.3,77.388
2024-04-11 01:00:00,25.363,995.083,0.2213,45.191,2.9458,2222.3,76.081
2024-04-11 02:00:00,27.214,996.01,0.2303,42.303,3.6533,2440.7,77.259
2024-04-11 03:00:00,24.122,998.471,0.5502,48.123,3.2667,2114.5,80.021
2024-04-11 04:00:00,24.038,997.534,0.5767,53.516,3.5341,2184.8,77.161
2024-04-11 05:00:00,24.126,995.944,0.6575,54.318,2.9771,2252.9,77.511
2024-04-11 06:00:00,21.229,1000.631,0.8121,47.64,2.9455,2097.5,74.374
2024-04-11 07:00:00,25.233,999.747,0.842,47.782,2.9482,2093.3,75.461
2024-04-11 08:00:00,23.133,1001.427,0.7604,44.602,3.325,1990.1,65.978
2024-04-11 09:00:00,25.202,999.081,0.9071,46.188,3.0767,2054.1,63.226
2024-04-11 10:00:00,22.593,996.067,0.6096,50.966,3.4801,2062.0,71.417
2024-04-11 11:00:00,21.495,992.851,0.3841,49.806,3.1381,2023.2,79.343
2024-04-11 12:00:00,23.524,994.747,0.6855,43.011,3.0303,2080.3,71.899
2024-04-11 13:00:00,23.364,991.442,0.5281,42.562,3.3529,2206.5,73.776
2024-04-11 14:00:00,23.088,987.985,0.3039,39.901,2.8845,2217.3,76.567
2024-04-11 15:00:00,23.089,987.571,-0.1017,40.663,2.9832,2219.9,69.762
